 SL_No, NLEM_Version, Formulation, Dosage&Strength, SONumber, SODate, CeilingPriceRsNonTax
1,2011,Acetylsalicylic acid,Tablet 300 mg,1488(E),27-Mar-2025,₹ 0.28(1 Tablet)
2,2011,Calcium Carbonate,Tablet 250 mg,1488(E),27-Mar-2025,₹ 2.47(1 Tablet)
3,2011,Condom,CONDOM,1488(E),27-Mar-2025,₹ 11.57(1 Condom)
4,2011,Dapsone,Tablet 50 mg,1488(E),27-Mar-2025,₹ 0.30(1 Tablet)
5,2011,Medroxyprogesteroneacetate,Tablet 5 mg,1488(E),27-Mar-2025,₹ 3.78(1 Tablet)
6,2011,RIFAMPICIN,TABLET 450 mg,1488(E),27-Mar-2025,₹ 5.62(1 Tablet)
7,2015,5-aminosalicylic Acid,Suppository 500 mg,1487(E),27-Mar-2025,₹ 21.42(1 Suppository)
8,2015,Abacavir (A)+Lamivudine (B),Tablet 60 (A) + 30 mg (B),1487(E),27-Mar-2025,₹ 25.44(1 Tablet)
9,2015,Acetylsalicylic acid,"Effervescent/ Dispersible/
Enteric coated Tablet 100 mg",1487(E),27-Mar-2025,₹ 0.22(1 Tablet)
10,2015,Acetylsalicylic acid,Tablet 150 mg,1487(E),27-Mar-2025,₹ 0.51(1 Tablet)
11,2015,Acetylsalicylic acid,Tablet 75 mg,1487(E),27-Mar-2025,₹ 0.39(1 Tablet)
12,2015,Acetylsalicylic acid,Tablet 350 mg,1487(E),27-Mar-2025,₹ 0.39(1 Tablet)
13,2015,Acetylsalicylic acid,Tablet 100 mg,1487(E),27-Mar-2025,₹ 0.21(1 Tablet)
14,2015,All-trans Retinoic Acid,Capsule 10 mg,1487(E),27-Mar-2025,₹ 103.62(1 Capsule)
15,2015,Anti-D Immunoglobulin,Injection 300 mcg,1487(E),27-Mar-2025,₹ 2703.72(Each Pack)
16,2015,Anti-D Immunoglobulin,Injection 150 mcg,1487(E),27-Mar-2025,₹ 2107.45(Each Pack)
17,2015,Artesunate (A) + Sulphadoxine -Pyrimethamine (B),"Tablet 150 mg(A) + 2 Tablet
(500 mg+ 25 mg) (B)",1487(E),27-Mar-2025,₹ 50.72(Combi Pack)
18,2015,Artesunate (A) + Sulphadoxine -Pyrimethamine (B),"Tablet 200 mg(A) + 2 Tablet
(750 mg+ 37.5 mg) (B)",1487(E),27-Mar-2025,₹ 46.24(Combi Pack)
19,2015,Artesunate (A) + Sulphadoxine -Pyrimethamine (B),"Tablet 25 mg(A) + 1 Tablet
(250 mg+ 12.5 mg) (B)",1487(E),27-Mar-2025,₹ 24.91(Combi Pack)
20,2015,Artesunate (A) + Sulphadoxine -Pyrimethamine (B),"Tablet 100 mg(A) + 1 Tablet
(750 mg+ 37.5 mg) (B)",1487(E),27-Mar-2025,₹ 37.36(Combi Pack)
21,2015,Bare Metal Stents,DEVICE --,1473(E),27-Mar-2025,₹ 10692.69(1 Unit)
22,2015,Benzoyl Peroxide,Cream 2.50%,1487(E),27-Mar-2025,₹ 2.95(1 GM)
23,2015,Benzyl penicillin,Powder For Injection 1000000,1487(E),27-Mar-2025,₹ 14.82(Each Pack)( Pack)
24,2015,Betamethasone,Gel 0.05%,1487(E),27-Mar-2025,₹ 0.67(1 GM)
25,2015,Betamethasone,Lotion 0.10%,1487(E),27-Mar-2025,₹ 1.04(1 ML)
26,2015,Betamethasone,Lotion 0.05%,1487(E),27-Mar-2025,₹ 0.67(1 ML)( Pack)
27,2015,Budesonide,Nasal Spray 50 MCG,1487(E),27-Mar-2025,₹ 1.29(1 Dose)
28,2015,Budesonide,Inhalation 100 MCG,1487(E),27-Mar-2025,₹ 2.53(Per Dose)
29,2015,Calcium Carbonate,Tablet 500 mg,1487(E),27-Mar-2025,₹ 2.19(1 Tablet)
30,2015,Calcium gluconate,Injection 100 mg,1487(E),27-Mar-2025,₹ 0.69(1 ML)
31,2015,Cefadroxil,Capsule 500 mg,1487(E),27-Mar-2025,₹ 9.05(1 Capsule)
32,2015,Cefazolin,Powder For Injection 1000 mg,1487(E),27-Mar-2025,₹ 31.09(Each Pack)
33,2015,Cefazolin,Powder For Injection 500 mg,1487(E),27-Mar-2025,₹ 19.71(Each Pack)
34,2015,Cefixime,Capsule 400 mg,1487(E),27-Mar-2025,₹ 37.04(1 Capsule)
35,2015,Cetirizine,Capsule 10 mg,1487(E),27-Mar-2025,₹ 3.01(1 Capsule)
36,2015,Chlorambucil,Tablet 5 mg,1487(E),27-Mar-2025,₹ 105.06(1 Tablet)
37,2015,Chlorhexidine,Solution (concentrate for dilution) 5%,1487(E),27-Mar-2025,₹ 0.19(1 ML)
38,2015,Cloxacillin,Powder 250 mg,1487(E),27-Mar-2025,₹ 5.63(Each Pack)
39,2015,"Coagulation factor
IX",Powder For Injection 600 IU,1487(E),27-Mar-2025,₹ 15606.71(Each Pack)
40,2015,"Coagulation factor
VIII",Powder For Injection 500 IU,1487(E),27-Mar-2025,₹ 11609.72(Each Pack)
41,2015,"Coagulation factor
VIII",Powder For Injection 250 IU,1487(E),27-Mar-2025,₹ 4731.08(Each Pack)
42,2015,Cyclosporine,Injection 50 mg/ml,1487(E),27-Mar-2025,₹ 341.64(1 ML)
43,2015,Daunorubicin,Powder For Injection 20 mg,1487(E),27-Mar-2025,₹ 308.03(Each Pack)
44,2015,Dextran-40,Injection 10%,1487(E),27-Mar-2025,₹ 1.07(1 ML)
45,2015,Diazepam,Oral Liquid 2 mg/5ml,1487(E),27-Mar-2025,₹ 3.46(1 ML)
46,2015,Diclofenac,Capsule 50 mg,1487(E),27-Mar-2025,₹ 0.77(1 Capsule)
47,2015,Dicyclomine,Tablet 10 mg,1487(E),27-Mar-2025,₹ 0.13(1 Tablet)
48,2015,Dicyclomine,"Injection 10 mg/ml (1ml &
2ml Pack)",1487(E),27-Mar-2025,₹ 0.20(1 ML)
49,2015,Dinoprostone,Tablet 0.5 mg,1487(E),27-Mar-2025,₹ 63.39(1 Tablet)
50,2015,Diphtheria antitoxin,Injection 10000 IU,1487(E),27-Mar-2025,₹ 1660.10(Each Pack)
51,2015,DPT vaccine,VACCINE,1487(E),27-Mar-2025,₹ 17.95(Per 0.5 ml)
52,2015,Drug Eluting Stents (DES) including metallic DES and Bioresorbable Vascular  Scaffold (BVS)/ Biodegradable Stents,DEVICE --,1473(E),27-Mar-2025,₹ 38933.14(1 Unit)
53,2015,Efavirenz,Capsule 600 mg,1487(E),27-Mar-2025,₹ 79.45(1 Capsule)
54,2015,Ethyl Alcohol (Denatured),Solution 70%,1487(E),27-Mar-2025,₹ 0.54(1 ML)
55,2015,"Ferrous Salt (A) +
Folic Acid (B)","Tablet 100 mg elemental iron
(A) + 500mcg (B)",1487(E),27-Mar-2025,₹ 0.28(1 Tablet)
56,2015,Fluconazole,Oral Liquid 50 mg/ 5 ml,1487(E),27-Mar-2025,₹ 3.31(1 ML)
57,2015,Gadobenate,Injection 529 mg,1487(E),27-Mar-2025,₹ 138.05(1 ML)
58,2015,GENTIAN VIOLET,PAINT 1 %,1487(E),27-Mar-2025,₹ 0.10(1 ML)
59,2015,Glucose,Injection 5%,1487(E),27-Mar-2025,₹ 81.34(1000ml Glass)
60,2015,Glucose,Injection 5%,1487(E),27-Mar-2025,₹ 0.62(1 ML)
61,2015,Glucose,Injection 5%,1487(E),27-Mar-2025,₹ 31.55(250ml Glass)
62,2015,Glucose,Injection 5%,1487(E),27-Mar-2025,₹ 65.67(1000ml Non-Glass)
63,2015,Glucose,Injection 5%,1487(E),27-Mar-2025,₹ 28.51(250ml Non-Glass)
64,2015,Glucose,Injection 5%,1487(E),27-Mar-2025,₹ 44.79(500ml Glass)
65,2015,Glucose,Injection 5%,1487(E),27-Mar-2025,₹ 38.64(500ml Non-Glass)
66,2015,Glucose,Injection 5%,1487(E),27-Mar-2025,₹ 22.84(100ml Glass)
67,2015,Glucose,Injection 5%,1487(E),27-Mar-2025,₹ 20.67(100ml Non-Glass)
68,2015,Glucose,Injection 10%,1487(E),27-Mar-2025,₹ 35.58(Each Pack (500 ml))( Pack)
69,2015,Glucose,Injection 10%,1487(E),27-Mar-2025,₹ 32.72(Each Pack (1000 ml))( Pack)
70,2015,"Glucose (A) +
Sodium Chloride (B)",Injection 5% (A) + 0.9% (B),1487(E),27-Mar-2025,₹ 66.16(1000ml Non-Glass)
71,2015,"Glucose (A) +
Sodium Chloride (B)",Injection 5% (A) + 0.9% (B),1487(E),27-Mar-2025,₹ 45.00(500ml Glass)
72,2015,"Glucose (A) +
Sodium Chloride (B)",Injection 5% (A) + 0.9% (B),1487(E),27-Mar-2025,₹ 22.89(100ml Glass)
73,2015,"Glucose (A) +
Sodium Chloride (B)",Injection 5% (A) + 0.9% (B),1487(E),27-Mar-2025,₹ 20.69(100ml Non-Glass)
74,2015,"Glucose (A) +
Sodium Chloride (B)",Injection 5% (A) + 0.9% (B),1487(E),27-Mar-2025,₹ 38.87(500ml Non-Glass)
75,2015,"Glucose (A) +
Sodium Chloride (B)",Injection 5% (A) + 0.9% (B),1487(E),27-Mar-2025,₹ 81.88(1000ml Glass)
76,2015,"Glucose (A) +
Sodium Chloride (B)",Injection 5% (A) + 0.9% (B),1487(E),27-Mar-2025,₹ 31.68(250ml Glass)
77,2015,"Glucose (A) +
Sodium Chloride (B)",Injection 5% (A) + 0.9% (B),1487(E),27-Mar-2025,₹ 28.61(250ml Non-Glass)
78,2015,Glutaraldehyde,Solution 2%,1487(E),27-Mar-2025,₹ 0.08(1 ML)
79,2015,Griseofulvin,Tablet 375 mg,1487(E),27-Mar-2025,₹ 5.44(1 Tablet)
80,2015,Griseofulvin,Tablet 125 mg,1487(E),27-Mar-2025,₹ 1.04(1 Tablet)
81,2015,Haemodialysis fluid,As Licensed --,1487(E),27-Mar-2025,₹ 0.04(1 ML)
82,2015,Human Normal Immunoglobulin,Solution for infusion 16.50%,1487(E),27-Mar-2025,₹ 503.13(1 ML)
83,2015,Human Normal Immunoglobulin,Solution for infusion 5%,1487(E),27-Mar-2025,₹ 195.41(1 ML)
84,2015,Human Normal Immunoglobulin,Solution for infusion 10%,1487(E),27-Mar-2025,₹ 264.57(1 ML)
85,2015,Hydrochlorothiazide,Tablet 50 mg,1487(E),27-Mar-2025,₹ 0.10(1 Tablet)
86,2015,Hydrogen peroxide,Solution 6%,1487(E),27-Mar-2025,₹ 0.04(1 ML)
87,2015,HYDROXOCOBALAMIN,INJECTION 1 mg/ml,1487(E),27-Mar-2025,₹ 12.52(1 ML)
88,2015,Ibuprofen,Capsule 400 mg,1487(E),27-Mar-2025,₹ 1.33(1 Capsule)
89,2015,Ibuprofen,Capsule 200 mg,1487(E),27-Mar-2025,₹ 3.39(1 Capsule)
90,2015,Imatinib,Capsule 400 mg,1487(E),27-Mar-2025,₹ 323.54(1 Capsule)
91,2015,Ipratropium,Respiratory Solution for use in Nebulizer  250 MCG,1487(E),27-Mar-2025,₹ 3.20(1 ML)
92,2015,Ipratropium,Inhalation 20 MCG,1487(E),27-Mar-2025,₹ 0.77(1 Dose)
93,2015,Ketamine,Injection 10 mg,1487(E),27-Mar-2025,₹ 13.42(1 ML)
94,2015,Levonorgestrel,Tablet 0.75 mg,1487(E),27-Mar-2025,₹ 29.15(1 Tablet)
95,2015,Levothyroxine,Tablet 37.5 mcg,1487(E),27-Mar-2025,₹ 1.50(1 Tablet)
96,2015,Lignocaine (A)+Adrenaline (B),"Injection 1% (A) + 1:200000
(5 mcg/ml) (B)",1487(E),27-Mar-2025,₹ 0.57(1 ML)
97,2015,Lopinavir (A)+Ritonavir (B),Tablet 100/25 mg,1487(E),27-Mar-2025,₹ 29.79(1 Tablet)
98,2015,Methotrexate,Injection 50 mg/ml,1487(E),27-Mar-2025,₹ 50.73(1 ML)
99,2015,Methylthioninium chloride (Methylene blue),Injection 10 mg/ml,1487(E),27-Mar-2025,₹ 27.60(1 ML)
100,2015,Midazolam,Tablet 7.5 mg,1487(E),27-Mar-2025,₹ 28.43(1 Tablet)
101,2015,Morphine,SR Tablet 30 mg,1487(E),27-Mar-2025,₹ 6.90(1 Tablet)
102,2015,Morphine,Tablet 10 mg,1487(E),27-Mar-2025,₹ 6.75(1 Tablet)
103,2015,N-ACETYLCYSTEINE,SACHET 200 mg,1487(E),27-Mar-2025,₹ 11.39(1 GM)
104,2015,Nevirapine,Oral Liquid 50 mg/5 ml,1487(E),27-Mar-2025,₹ 1.06(1 ML)
105,2015,Omeprazole,Tablet 10 mg,1487(E),27-Mar-2025,₹ 5.62(1 Tablet)
106,2015,Oral poliomyelitis,Vaccine --,1487(E),27-Mar-2025,₹ 129.89(1 ML)
107,2015,Para-aminosalicylic acid,Granules --,1487(E),27-Mar-2025,₹ 3.60(1 GM)
108,2015,Paracetamol,Injection 150 mg,1487(E),27-Mar-2025,₹ 13.89(Each Pack (4 ml))
109,2015,Paracetamol,Injection 150 mg,1487(E),27-Mar-2025,₹ 11.03(Each Pack (3 ml))
110,2015,Paracetamol,Injection 150 mg,1487(E),27-Mar-2025,₹ 22.45(Each Pack (7 ml))
111,2015,Paracetamol,Injection 150 mg,1487(E),27-Mar-2025,₹ 3.89(Each Pack (0.5ml))
112,2015,Paracetamol,Injection 150 mg,1487(E),27-Mar-2025,₹ 16.75(Each Pack (5 ml))
113,2015,Paracetamol,Injection 150 mg,1487(E),27-Mar-2025,₹ 5.31(Each Pack (1 ml))
114,2015,Penicillamine,Capsule 250 mg,1487(E),27-Mar-2025,₹ 18.82(1 Capsule)( Pack)
115,2015,PHENYLEPHRINE,DROPS 10 %,1487(E),27-Mar-2025,₹ 10.24(1 ML)
116,2015,PHENYLEPHRINE,DROPS 5 %,1487(E),27-Mar-2025,₹ 4.72(1 ML)
117,2015,Phenytoin,Injection 25 mg,1487(E),27-Mar-2025,₹ 3.18(1 ML)
118,2015,PHENYTOIN,ER Capsule 300 mg,1487(E),27-Mar-2025,₹ 4.82(1 Capsule)
119,2015,Pilocarpine,DROPS 4%,1487(E),27-Mar-2025,₹ 14.79(1 ML)
120,2015,Potassium permanganate,Crystal for topical solution --,1487(E),27-Mar-2025,₹ 0.56(1 GM)
121,2015,Povidone iodine,Scrub 7.50%,1487(E),27-Mar-2025,₹ 2.03(1 ML)
122,2015,Povidone iodine,Ointment 1%,1487(E),27-Mar-2025,₹ 6.59(1 GM)
123,2015,Praziquantel,Tablet 600 mg,1487(E),27-Mar-2025,₹ 44.00(1 Tablet)
124,2015,Prednisolone,Injection 20 mg/ 2 ml,1487(E),27-Mar-2025,₹ 4.54(1 ML)
125,2015,Pyrazinamide,Oral Liquid 250 mg/ 5 ml,1487(E),27-Mar-2025,₹ 0.77(1 ML)
126,2015,Rifampicin,Tablet 300 mg,1487(E),27-Mar-2025,₹ 3.72(1 Tablet)
127,2015,RIFAMPICIN,TABLET 150 MG,1487(E),27-Mar-2025,₹ 2.04(1 Tablet)( Pack)
128,2015,Ringer Lactate,Injection 100 ml,1487(E),27-Mar-2025,₹ 26.45(Each Pack)
129,2015,Ringer Lactate,Injection 500 ml,1487(E),27-Mar-2025,₹ 57.48(Each Pack)
130,2015,Ringer Lactate,Injection 1000 ml,1487(E),27-Mar-2025,₹ 101.05(Each Pack)
131,2015,Ringer Lactate,Injection 250 ml,1487(E),27-Mar-2025,₹ 45.10(Each Pack)
132,2015,Ritonavir,Capsule 100 mg,1487(E),27-Mar-2025,₹ 35.75(1 Capsule)
133,2015,SALBUTAMOL,CAPSULE 4 mg,1487(E),27-Mar-2025,₹ 0.75(1 Capsule)
134,2015,Silver Sulphadiazine,Cream 1%,1487(E),27-Mar-2025,₹ 0.64(1 GM)
135,2015,Sodium chloride,Injection 0.90%,1487(E),27-Mar-2025,₹ 75.17(1000ml Glass)
136,2015,Sodium chloride,Injection 0.90%,1487(E),27-Mar-2025,₹ 26.91(250ml Non-Glass)
137,2015,Sodium chloride,Injection 0.90%,1487(E),27-Mar-2025,₹ 35.48(500ml Non-Glass)
138,2015,Sodium chloride,Injection 0.90%,1487(E),27-Mar-2025,₹ 29.98(250ml Glass)
139,2015,Sodium chloride,Injection 0.90%,1487(E),27-Mar-2025,₹ 20.02(100ml Non-Glass)
140,2015,Sodium chloride,Injection 0.90%,1487(E),27-Mar-2025,₹ 22.22(100ml Glass)
141,2015,Sodium chloride,Injection 0.90%,1487(E),27-Mar-2025,₹ 59.28(1000ml Non-Glass)
142,2015,Sodium chloride,Injection 0.90%,1487(E),27-Mar-2025,₹ 41.68(500ml Glass)
143,2015,Sodium nitrite,Injection 30 mg,1487(E),27-Mar-2025,₹ 32.91(1 ML)
144,2015,Sodium Nitroprusside,Injection 10 mg,1487(E),27-Mar-2025,₹ 32.71(1 ML)
145,2015,Streptokinase,Injection 750000 IU,1487(E),27-Mar-2025,₹ 1594.70(Each Pack)
146,2015,Surfactant,Suspension for intratracheal instillation (As liensed) --,1487(E),27-Mar-2025,₹ 84.72(Per mg of Phospholipids in the pack)
147,2015,TD Vaccine,"Each dose of 0.5ml contains:
Diphtheria Toxoid ?5Lf (?
2IU) Tetanus Toxoid ? 5Lf (?
40IU) 5 LF",1487(E),27-Mar-2025,₹ 23.74(Each Pack (0.5ml))
148,2015,TD Vaccine,"Each dose of 0.5ml contains:
Diphtheria Toxoid ?25Lf (?
30IU) Tetanus Toxoid ? 5Lf
(? 40IU) 25 LF",1487(E),27-Mar-2025,₹ 20.35(Each Pack (0.5ml))
149,2015,TD Vaccine,"Each dose of 0.5ml contains:
Diphtheria Toxoid ?5Lf (?
2IU) Tetanus Toxoid ? 5Lf (?
40IU) 5 LF",1487(E),27-Mar-2025,₹ 223.07(Each Pack (5 ml))
150,2015,Temozolomide,Tablet 100 mg,1487(E),27-Mar-2025,₹ 1959.10(1 Tablet)
151,2015,Timolol,Drops 0.25%,1487(E),27-Mar-2025,₹ 6.55(1 ML)
152,2015,Tramadol,Injection 50 mg,1487(E),27-Mar-2025,₹ 1.58(20 ML Pack)(1 ML Pack)
153,2015,Verapamil,Injection 2.5 mg,1487(E),27-Mar-2025,₹ 1.49(1 ML)
154,2015,Vinblastine,Injection 1 mg,1487(E),27-Mar-2025,₹ 25.98(1 ML)
155,2015,Vitamin A,Capsule 50000 IU,1487(E),27-Mar-2025,₹ 0.69(1 Capsule)
156,2015,Water for Injection,Injection --,1487(E),27-Mar-2025,₹ 102.49(Each Pack (1000 ml))
157,2015,Water for Injection,Injection --,1487(E),27-Mar-2025,₹ 58.40(Each Pack (500 ml))
158,2015,Water for Injection,Injection --,1487(E),27-Mar-2025,₹ 2.84(Each Pack (5 ml))
159,2015,Zidovudine,Capsule 300 mg,1487(E),27-Mar-2025,₹ 2.61(1 Capsule)
160,2015,Zolpidem,Capsule 5 mg,1487(E),27-Mar-2025,₹ 9.31(1 Capsule)
161,2022,5-AMINOSALICYLIC ACID,TABLET 400 MG,1489(E),27-Mar-2025,₹ 8.06(1 Tablet)
162,2022,5-FLUOROURACIL,INJECTION 250 MG/ 5 ML,1489(E),27-Mar-2025,₹ 2.08(1 ML)
163,2022,6-MERCAPTOPURINE,TABLET 50 MG,1489(E),27-Mar-2025,₹ 5.35(1 Tablet)
164,2022,ABACAVIR,TABLET 300 MG,1489(E),27-Mar-2025,₹ 49.44(1 Tablet)
165,2022,ABACAVIR (A)+LAMIVUDINE (B),TABLET 600 (A) + 300 MG (B),1489(E),27-Mar-2025,₹ 73.58(1 Tablet)
166,2022,ACETAZOLAMIDE,TABLET 250 MG,1489(E),27-Mar-2025,₹ 4.13(1 Tablet)
167,2022,ACETAZOLAMIDE SYSTEMIC,CAPSULE 250 MG,1489(E),27-Mar-2025,₹ 5.14(1 Capsule)
168,2022,ACETYLCYSTEINE,INJECTION 200 MG,1489(E),27-Mar-2025,₹ 24.05(1 ML)
169,2022,ACETYLSALICYLIC ACID,"EFFERVESCENT/ DISPERSIBLE/
ENTERIC COATED TABLET 150 MG",1489(E),27-Mar-2025,₹ 0.72(1 Tablet)
170,2022,ACICLOVIR,INJECTION 250 MG,1489(E),27-Mar-2025,₹ 433.82(Each Vial)
171,2022,ACICLOVIR,TABLET 800 MG,1489(E),27-Mar-2025,₹ 38.32(1 Tablet)
172,2022,ACICLOVIR,OINTMENT 3 %,1489(E),27-Mar-2025,₹ 11.87(1 GM)
173,2022,ACTINOMYCIN D,POWDER FOR INJECTION 0.5 MG,1489(E),27-Mar-2025,₹ 336.78(Each Vial)
174,2022,ACYCLOVIR,TABLET 200 MG,1489(E),27-Mar-2025,₹ 7.74(1 Tablet)
175,2022,ACYCLOVIR,ORAL LIQUID 400 MG/ 5 ML,1489(E),27-Mar-2025,₹ 1.38(1 ML)
176,2022,ACYCLOVIR,POWDER FOR INJECTION 500 MG,1489(E),27-Mar-2025,₹ 537.64(Each Vial)
177,2022,ACYCLOVIR,TABLET 400 MG,1489(E),27-Mar-2025,₹ 13.90(1 Tablet)
178,2022,ADENOSINE,INJECTION 3 MG,1489(E),27-Mar-2025,₹ 94.48(1 ML)
179,2022,ADRENALINE,INJECTION 1 MG,1489(E),27-Mar-2025,₹ 12.44(1 ML)
180,2022,ALBENDAZOLE,CHEWABLE TABLET 400 MG,1489(E),27-Mar-2025,₹ 8.27(1 Tablet)
181,2022,ALBENDAZOLE,ORAL LIQUID 200 MG/ 5 ML,1489(E),27-Mar-2025,₹ 1.82(1 ML)
182,2022,ALBENDAZOLE,TABLET 400 MG,1489(E),27-Mar-2025,₹ 7.16(1 Tablet)
183,2022,ALLOPURINOL,TABLET 100 MG,1489(E),27-Mar-2025,₹ 1.92(1 Tablet)
184,2022,ALLOPURINOL,TABLET 300 MG,1489(E),27-Mar-2025,₹ 5.73(1 Tablet)
185,2022,ALL ORAL ELECTROLYTES - ORS,POWDER --,1489(E),27-Mar-2025,₹ 1.01(1 GM)
186,2022,ALL ORAL ELECTROLYTES - ORS,SYRUP --,1489(E),27-Mar-2025,₹ 0.15(1 ML)
187,2022,ALPROSTADIL,INJECTION 500 MCG,1489(E),27-Mar-2025,₹ 6213.02(1 ML)
188,2022,AMIKACIN,INJECTION 250 MG,1489(E),27-Mar-2025,₹ 55.11(1 ML)
189,2022,AMIODARONE,INJECTION 50 MG,1489(E),27-Mar-2025,₹ 21.50(1 ML)
190,2022,AMIODARONE,TABLET 200 MG,1489(E),27-Mar-2025,₹ 11.71(1 Tablet)
191,2022,AMIODARONE,TABLET 100 MG,1489(E),27-Mar-2025,₹ 6.25(1 Tablet)
192,2022,AMITRIPTYLINE,TABLET 50 MG,1489(E),27-Mar-2025,₹ 6.09(1 Tablet)
193,2022,AMITRIPTYLINE,TABLET 75 MG,1489(E),27-Mar-2025,₹ 5.54(1 Tablet)
194,2022,AMITRIPTYLINE,TABLET 25 MG,1489(E),27-Mar-2025,₹ 2.53(1 Tablet)
195,2022,AMITRIPTYLINE,TABLET 10 MG,1489(E),27-Mar-2025,₹ 2.43(1 Tablet)
196,2022,AMLODIPINE,TABLET 10 MG,1489(E),27-Mar-2025,₹ 5.54(1 Tablet)
197,2022,AMLODIPINE,TABLET 2.5 MG,1489(E),27-Mar-2025,₹ 1.82(1 Tablet)
198,2022,AMLODIPINE,TABLET 5 MG,1489(E),27-Mar-2025,₹ 2.54(1 Tablet)
199,2022,AMOXICILLIN,ORAL LIQUID 250 MG/ 5 ML,1489(E),27-Mar-2025,₹ 1.59(1 ML)
200,2022,AMOXICILLIN,CAPSULE 250 MG,1489(E),27-Mar-2025,₹ 2.48(1 Capsule)
201,2022,AMOXICILLIN,CAPSULE 500 MG,1489(E),27-Mar-2025,₹ 7.49(1 Capsule)
202,2022,AMOXICILLIN (A) + CLAVULANIC ACID (B),"TABLET 500 MG (A)
+125 MG(B)",1489(E),27-Mar-2025,₹ 18.62(1 Tablet)
203,2022,AMOXYCILLIN,INJECTION 500 MG,1489(E),27-Mar-2025,₹ 55.60(Each Vial)
204,2022,AMOXYCILLIN,SUSPENSION 125 MG,1489(E),27-Mar-2025,₹ 1.04(1 ML)
205,2022,AMOXYCILLIN,INJECTION 250 MG,1489(E),27-Mar-2025,₹ 25.22(Each Vial)
206,2022,AMOXYCILLIN + CLAVULANIC ACID,ORAL SUSPENSION 200/28.5 MG,1489(E),27-Mar-2025,₹ 2.06(1 ML)
207,2022,AMOXYCILLIN + CLAVULANIC ACID,INJECTION 1000/200 MG,1489(E),27-Mar-2025,₹ 144.12(Each Vial)( Pack)
208,2022,AMOXYCILLIN + CLAVULANIC ACID,INJECTION 500/100 MG,1489(E),27-Mar-2025,₹ 103.11(Each Vial)
209,2022,AMOXYCILLIN + CLAVULANIC ACID,DRY SYRUP 125/31.25 MG,1489(E),27-Mar-2025,₹ 2.09(1 ML)
210,2022,AMPHOTERICIN B - CONVENTIONAL,INJECTION 50 MG,1489(E),27-Mar-2025,₹ 231.36(Each Vial)
211,2022,AMPHOTERICIN B - LIPID,INJECTION 50 MG,1489(E),27-Mar-2025,₹ 1920.60(Each Vial)( Pack)
212,2022,AMPHOTERICIN B - LIPOSOMAL,INJECTION 50 MG,1489(E),27-Mar-2025,₹ 6763.93(Each Vial)( Pack)
213,2022,AMPICILLIN,POWDER FOR INJECTION 1000 MG,1489(E),27-Mar-2025,₹ 25.35(Each Vial)
214,2022,AMPICILLIN,POWDER FOR INJECTION 500 MG,1489(E),27-Mar-2025,₹ 14.50(Each Vial)
215,2022,ANTI RABIES SERA - IMMUNOGLOBULINS,INJECTION 300 IU,1489(E),27-Mar-2025,₹ 111.47(1 ML)( Pack)
216,2022,ANTI RABIES SERA - IMMUNOGLOBULINS,INJECTION 150 IU,1489(E),27-Mar-2025,₹ 3161.67(1 ML)( Pack)
217,2022,ANTI RABIES VACCINE - ARV,VACCINE --,1489(E),27-Mar-2025,₹ 385.30(Each Vial)
218,2022,ARSENIC TRIOXIDE,INJECTION 1 MG,1489(E),27-Mar-2025,₹ 31.07(1 ML)
219,2022,ARTEMETHER (A)+LUMEFANTRINE (B),"TABLET 80 MG(A) + 480
MG(B)",1489(E),27-Mar-2025,₹ 25.95(1 Tablet)
220,2022,ARTEMETHER (A)+LUMEFANTRINE (B),"TABLET 40 MG(A) + 240
MG(B)",1489(E),27-Mar-2025,₹ 18.35(1 Tablet)
221,2022,ARTEMETHER + LUMEFANTRINE,TABLET 20/120 MG,1489(E),27-Mar-2025,₹ 12.87(1 Tablet)
222,2022,ARTESUNATE,POWDER FOR INJECTION 60 MG,1489(E),27-Mar-2025,₹ 248.99(Each Vial)
223,2022,ARTESUNATE,POWDER FOR INJECTION 120 MG,1489(E),27-Mar-2025,₹ 462.35(Each Vial)
224,2022,ARTESUNATE + SULFADOXINE + PYRIMETHAMINE,KIT 50/500/25 MG,1489(E),27-Mar-2025,₹ 22.94(Combi Pack)
225,2022,ASCORBIC ACID (VITAMIN C),TABLET 500 MG,1489(E),27-Mar-2025,₹ 1.57(1 Tablet)( Pack)
226,2022,ASCORBIC ACID (VITAMIN C),TABLET 100 MG,1489(E),27-Mar-2025,₹ 0.24(1 Tablet)
227,2022,ASPIRIN,TABLET 325 MG,1489(E),27-Mar-2025,₹ 0.68(1 Tablet)
228,2022,ASPIRIN,TABLET DT 75 MG,1489(E),27-Mar-2025,₹ 0.36(1 Tablet)
229,2022,ATAZANAVIR (A)+RITONAVIR (B),"TABLET 300 MG(A) + 100
MG(B)",1489(E),27-Mar-2025,₹ 101.57(1 Tablet)
230,2022,ATORVASTATIN,TABLET 20 MG,1489(E),27-Mar-2025,₹ 12.78(1 Tablet)
231,2022,ATORVASTATIN,TABLET 10 MG,1489(E),27-Mar-2025,₹ 5.06(1 Tablet)( Pack)
232,2022,ATORVASTATIN,TABLET 40 MG,1489(E),27-Mar-2025,₹ 19.64(1 Tablet)
233,2022,ATORVASTATIN,TABLET 80 MG,1489(E),27-Mar-2025,₹ 41.29(1 Tablet)
234,2022,ATRACURIUM,INJECTION 10 MG,1489(E),27-Mar-2025,₹ 17.28(1 ML)
235,2022,ATROPINE,INJECTION 0.6 MG/ ML,1489(E),27-Mar-2025,₹ 6.98(1 ML)( Pack)
236,2022,ATROPINE EYE DROPS / OINTMENT,OINTMENT 1 %,1489(E),27-Mar-2025,₹ 4.79(1 GM)
237,2022,ATROPINE EYE DROPS / OINTMENT,DROPS 1 %,1489(E),27-Mar-2025,₹ 4.01(1 ML)
238,2022,AZATHIOPRINE,TABLET 50 MG,1489(E),27-Mar-2025,₹ 11.46(1 Tablet)
239,2022,AZATHIOPRINE,TABLET 25 MG,1489(E),27-Mar-2025,₹ 7.37(1 Tablet)
240,2022,AZITHROMYCIN,TABLET 500 MG,1489(E),27-Mar-2025,₹ 23.98(1 Tablet)
241,2022,AZITHROMYCIN,CAPSULE 500 MG,1489(E),27-Mar-2025,₹ 19.36(1 Capsule)
242,2022,AZITHROMYCIN,TABLET 250 MG,1489(E),27-Mar-2025,₹ 11.87(1 Tablet)( Pack)
243,2022,AZITHROMYCIN,TABLET 1000 MG,1489(E),27-Mar-2025,₹ 58.79(1 Tablet)
244,2022,AZITHROMYCIN,INJECTION 500 MG,1489(E),27-Mar-2025,₹ 208.28(Each Vial)
245,2022,AZITHROMYCIN,ORAL LIQUID 200 MG/ 5 ML,1489(E),27-Mar-2025,₹ 3.47(1 ML)
246,2022,AZITHROMYCIN,CAPSULE 250 MG,1489(E),27-Mar-2025,₹ 10.80(1 Capsule)
247,2022,BACLOFEN,TABLET 10 MG,1489(E),27-Mar-2025,₹ 12.11(1 Tablet)
248,2022,BACLOFEN,TABLET 20 MG,1489(E),27-Mar-2025,₹ 16.56(1 Tablet)
249,2022,BACLOFEN,TABLET 5 MG,1489(E),27-Mar-2025,₹ 6.48(1 Tablet)
250,2022,BCG,VACCINE 40 MG,1489(E),27-Mar-2025,₹ 8.15(Each Dose)( Pack)
251,2022,BENDAMUSTINE,INJECTION 100 MG,1489(E),27-Mar-2025,₹ 5032.89(Each Vial)
252,2022,BENZATHINE BENZYLPENICILLIN,POWDER FOR INJECTION 600000 IU,1489(E),27-Mar-2025,₹ 11.89(Each Vial)
253,2022,BENZATHINE BENZYLPENICILLIN,POWDER FOR INJECTION 1200000 IU,1489(E),27-Mar-2025,₹ 20.15(Each Vial)
254,2022,BENZOYL PEROXIDE,GEL 2.5 %,1489(E),27-Mar-2025,₹ 3.68(1 GM)
255,2022,BENZOYL PEROXIDE,GEL 5 %,1489(E),27-Mar-2025,₹ 8.11(1 GM)
256,2022,BENZOYL PEROXIDE,GEL 3.5 %,1489(E),27-Mar-2025,₹ 10.29(1 GM)
257,2022,BETAMETHASONE,CREAM 0.05 %,1489(E),27-Mar-2025,₹ 0.68(1 GM)
258,2022,BETAMETHASONE,CREAM 0.1 %,1489(E),27-Mar-2025,₹ 1.06(1 GM)
259,2022,BETAMETHASONE,INJECTION 4 MG,1489(E),27-Mar-2025,₹ 4.82(1 ML)
260,2022,BICALUTAMIDE,TABLET 50 MG,1489(E),27-Mar-2025,₹ 44.05(1 Tablet)
261,2022,BISACODYL,TABLET 5 MG,1489(E),27-Mar-2025,₹ 1.19(1 Tablet)
262,2022,BISACODYL,SUPPOSITORY 5 MG,1489(E),27-Mar-2025,₹ 10.15(1 Suppository)
263,2022,BLEOMYCIN,INJECTION 15 IU,1489(E),27-Mar-2025,₹ 689.20(Each Vial)
264,2022,BORTEZOMIB,POWDER FOR INJECTION 2 MG,1489(E),27-Mar-2025,₹ 5352.05(Each Vial)
265,2022,BUDESONIDE,INHALER 100 MCG,1489(E),27-Mar-2025,₹ 1.43(Per Metered Dose)
266,2022,BUDESONIDE,NASAL SPRAY 50 MCG,1489(E),27-Mar-2025,₹ 12.11(1 ML)
267,2022,BUDESONIDE,INHALER 100 MCG,1489(E),27-Mar-2025,₹ 13.37(1 ML)
268,2022,BUDESONIDE,INHALER 200 MCG,1489(E),27-Mar-2025,₹ 3.39(Per Dose)
269,2022,BUDESONIDE,INHALER 200 MCG,1489(E),27-Mar-2025,₹ 2.07(Per Metered Dose)
270,2022,BUDESONIDE NASAL SPRAY,NASAL SPRAY 100 MCG,1489(E),27-Mar-2025,₹ 0.82(Per Dose)
271,2022,BUPIVACAINE,INJECTION 0.5 %,1489(E),27-Mar-2025,₹ 4.50(1 ML)
272,2022,BUPIVACAINE,INJECTION 0.5% with 7.5% Glucose,1489(E),27-Mar-2025,₹ 7.52(1 ML)
273,2022,BUPIVACAINE,INJECTION 0.25 %,1489(E),27-Mar-2025,₹ 2.88(1 ML)
274,2022,BUPRENORPHINE,TABLET 0.4 MG,1489(E),27-Mar-2025,₹ 9.59(1 Tablet)
275,2022,BUPRENORPHINE + NALOXONE,TABLET 2/0.5 MG,1489(E),27-Mar-2025,₹ 37.62(1 Tablet)
276,2022,BUPRENORPHINE + NALOXONE,TABLET 0.4/0.1 MG,1489(E),27-Mar-2025,₹ 12.03(1 Tablet)
277,2022,CAFFEINE,INJECTION 20 MG/ML,1489(E),27-Mar-2025,₹ 254.86(1 ML)
278,2022,CAFFEINE,ORAL LIQUID 20 MG/ML,1489(E),27-Mar-2025,₹ 249.96(1 ML)
279,2022,CALAMINE,LOTION --,1489(E),27-Mar-2025,₹ 0.97(1 ML)
280,2022,CALCIUM FOLINATE,TABLET 15 MG,1489(E),27-Mar-2025,₹ 48.37(1 Tablet)
281,2022,CAPECITABINE,TABLET 500 MG,1489(E),27-Mar-2025,₹ 114.69(1 Tablet)
282,2022,CARBAMAZEPINE,TABLET 100 MG,1489(E),27-Mar-2025,₹ 1.09(1 Tablet)
283,2022,CARBAMAZEPINE,TABLET 400 MG,1489(E),27-Mar-2025,₹ 3.61(1 Tablet)
284,2022,CARBAMAZEPINE,MODIFIED RELEASE TABLET 200 MG,1489(E),27-Mar-2025,₹ 2.44(1 Tablet)
285,2022,CARBAMAZEPINE,TABLET 200 MG,1489(E),27-Mar-2025,₹ 1.60(1 Tablet)
286,2022,CARBAMAZEPINE,ORAL LIQUID 100 MG/ 5 ML,1489(E),27-Mar-2025,₹ 0.32(1 ML)
287,2022,CARBAMAZEPINE,MODIFIED RELEASE TABLET 400 MG,1489(E),27-Mar-2025,₹ 4.74(1 Tablet)
288,2022,CARBIMAZOLE,TABLET 20 MG,1489(E),27-Mar-2025,₹ 14.11(1 Tablet)
289,2022,CARBIMAZOLE,TABLET 5 MG,1489(E),27-Mar-2025,₹ 2.23(1 Tablet)
290,2022,CARBIMAZOLE,TABLET 10 MG,1489(E),27-Mar-2025,₹ 4.33(1 Tablet)
291,2022,CARBOPLATIN,INJECTION 10 MG,1489(E),27-Mar-2025,₹ 60.10(1 ML)
292,2022,CARBOXY METHYL CELLULOSE,EYE DROPS 1 %,1489(E),27-Mar-2025,₹ 16.87(1 ML)
293,2022,CARBOXY METHYL CELLULOSE,DROPS 0.5 %,1489(E),27-Mar-2025,₹ 12.51(1 ML)
294,2022,CEFADROXIL,TABLET 500 MG,1489(E),27-Mar-2025,₹ 6.83(1 Tablet)( Pack)
295,2022,CEFADROXIL,SUSPENSION 125 MG,1489(E),27-Mar-2025,₹ 0.69(1 ML)
296,2022,CEFIXIME,TABLET 400 MG,1489(E),27-Mar-2025,₹ 22.48(1 Tablet)
297,2022,CEFIXIME,ORAL LIQUID 100 MG/ 5 ML,1489(E),27-Mar-2025,₹ 2.43(1 ML)
298,2022,CEFIXIME,TABLET 200 MG,1489(E),27-Mar-2025,₹ 9.95(1 Tablet)
299,2022,CEFIXIME,ORAL SUSPENSION 50 MG,1489(E),27-Mar-2025,₹ 1.66(1 ML)
300,2022,CEFIXIME,CAPSULE 200 MG,1489(E),27-Mar-2025,₹ 14.94(1 Capsule)
301,2022,CEFOTAXIME,POWDER FOR INJECTION 1000 MG,1489(E),27-Mar-2025,₹ 40.66(Each Vial)
302,2022,CEFOTAXIME,POWDER FOR INJECTION 250 MG,1489(E),27-Mar-2025,₹ 18.03(Each Vial)
303,2022,CEFOTAXIME,POWDER FOR INJECTION 500 MG,1489(E),27-Mar-2025,₹ 24.80(Each Vial)
304,2022,CEFTAZIDIME,POWDER FOR INJECTION 250 MG,1489(E),27-Mar-2025,₹ 80.45(Each Vial)
305,2022,CEFTAZIDIME,POWDER FOR INJECTION 1000 MG,1489(E),27-Mar-2025,₹ 230.97(Each Vial)
306,2022,CEFTRIAXONE,POWDER FOR INJECTION 250 MG,1489(E),27-Mar-2025,₹ 28.83(Each Vial)
307,2022,CEFTRIAXONE,POWDER FOR INJECTION 500 MG,1489(E),27-Mar-2025,₹ 51.16(Each Vial)
308,2022,CEFTRIAXONE,POWDER FOR INJECTION 1000 MG,1489(E),27-Mar-2025,₹ 63.47(Each Vial)
309,2022,CEFTRIAXONE,POWDER FOR INJECTION 2000 MG,1489(E),27-Mar-2025,₹ 140.52(Each Vial)
310,2022,CEFUROXIME,INJECTION 1500 MG,1489(E),27-Mar-2025,₹ 344.66(Each Vial)
311,2022,CEFUROXIME,ORAL SUSPENSION 125 MG,1489(E),27-Mar-2025,₹ 5.40(1 ML)( Pack)
312,2022,CEFUROXIME,TABLET 500 MG,1489(E),27-Mar-2025,₹ 52.33(1 Tablet)
313,2022,CETIRIZINE,TABLET 10 MG,1489(E),27-Mar-2025,₹ 1.91(1 Tablet)
314,2022,CETIRIZINE,SUSPENSION 5 MG,1489(E),27-Mar-2025,₹ 0.67(1 ML)
315,2022,CHLORAMBUCIL,TABLET 2 MG,1489(E),27-Mar-2025,₹ 31.70(1 Tablet)
316,2022,CHLORAMBUCIL,TABLET 5 MG,1489(E),27-Mar-2025,₹ 78.55(1 Tablet)
317,2022,CHLOROQUINE,TABLET 150 MG,1489(E),27-Mar-2025,₹ 1.35(1 Tablet)( Pack)
318,2022,CHLOROQUINE,SUSPENSION 50 MG,1489(E),27-Mar-2025,₹ 0.35(1 ML)
319,2022,CIPROFLOXACIN,OINTMENT 0.3 %,1489(E),27-Mar-2025,₹ 1.31(1 GM)
320,2022,CIPROFLOXACIN,INJECTION 200 MG/ 100 ML,1489(E),27-Mar-2025,₹ 0.20(1 ML)
321,2022,CIPROFLOXACIN,TABLET 500 MG,1489(E),27-Mar-2025,₹ 4.32(1 Tablet)
322,2022,CIPROFLOXACIN,ORAL SUSPENSION 250 MG,1489(E),27-Mar-2025,₹ 0.75(1 ML)
323,2022,CIPROFLOXACIN,TABLET 250 MG,1489(E),27-Mar-2025,₹ 2.24(1 Tablet)
324,2022,CIPROFLOXACIN,DROPS 0.3 %,1489(E),27-Mar-2025,₹ 1.57(1 ML)
325,2022,CISPLATIN,INJECTION 1 MG,1489(E),27-Mar-2025,₹ 7.21(1 ML)
326,2022,CLARITHROMYCIN,TABLET 250 MG,1489(E),27-Mar-2025,₹ 24.48(1 Tablet)( Pack)
327,2022,CLARITHROMYCIN,SUSPENSION 125 MG,1489(E),27-Mar-2025,₹ 4.73(1 ML)( Pack)
328,2022,CLARITHROMYCIN,TABLET 500 MG,1489(E),27-Mar-2025,₹ 40.53(1 Tablet)
329,2022,CLINDAMYCIN,CAPSULE 300 MG,1489(E),27-Mar-2025,₹ 28.86(1 Capsule)
330,2022,CLINDAMYCIN,INJECTION 150 MG,1489(E),27-Mar-2025,₹ 61.65(1 ML)
331,2022,CLINDAMYCIN,TABLET 300 MG,1489(E),27-Mar-2025,₹ 19.30(1 Tablet)
332,2022,CLINDAMYCIN,CAPSULE 150 MG,1489(E),27-Mar-2025,₹ 16.64(1 Capsule)
333,2022,CLOBAZAM,TABLET 10 MG,1489(E),27-Mar-2025,₹ 10.01(1 Tablet)
334,2022,CLOBAZAM,TABLET 5 MG,1489(E),27-Mar-2025,₹ 5.83(1 Tablet)
335,2022,CLOFAZIMINE,CAPSULE 100 MG,1489(E),27-Mar-2025,₹ 4.05(1 Capsule)
336,2022,CLOFAZIMINE,CAPSULE 50 MG,1489(E),27-Mar-2025,₹ 2.15(1 Capsule)
337,2022,CLOMIFENE,CAPSULE 100 MG,1489(E),27-Mar-2025,₹ 52.03(1 Capsule)
338,2022,CLOMIFENE,CAPSULE 50 MG,1489(E),27-Mar-2025,₹ 27.85(1 Capsule)
339,2022,CLOMIPHENE,TABLET 100 MG,1489(E),27-Mar-2025,₹ 14.19(1 Tablet)
340,2022,CLOMIPHENE,TABLET 50 MG,1489(E),27-Mar-2025,₹ 8.99(1 Tablet)
341,2022,CLOMIPRAMINE,TABLET 75 MG,1489(E),27-Mar-2025,₹ 16.75(1 Tablet)
342,2022,CLOMIPRAMINE,TABLET 10 MG,1489(E),27-Mar-2025,₹ 2.90(1 Tablet)
343,2022,CLOMIPRAMINE,TABLET 25 MG,1489(E),27-Mar-2025,₹ 6.33(1 Tablet)
344,2022,CLONAZEPAM,TABLET 0.25 MG,1489(E),27-Mar-2025,₹ 2.06(1 Tablet)
345,2022,CLONAZEPAM,TABLET 0.5 MG,1489(E),27-Mar-2025,₹ 3.51(1 Tablet)
346,2022,CLONAZEPAM,TABLET 1 MG,1489(E),27-Mar-2025,₹ 4.85(1 Tablet)
347,2022,CLOPIDOGREL,TABLET 150 MG,1489(E),27-Mar-2025,₹ 20.84(1 Tablet)
348,2022,CLOPIDOGREL,TABLET 75 MG,1489(E),27-Mar-2025,₹ 6.78(1 Tablet)
349,2022,CLOTRIMAZOLE,EAR DROPS 1 %,1489(E),27-Mar-2025,₹ 3.43(1 ML)
350,2022,CLOTRIMAZOLE,PESSARY 100 MG,1489(E),27-Mar-2025,₹ 10.18(1 Pessary)
351,2022,CLOTRIMAZOLE,LOTION 1 %,1489(E),27-Mar-2025,₹ 3.96(1 ML)
352,2022,CLOTRIMAZOLE,CREAM 1 %,1489(E),27-Mar-2025,₹ 3.05(1 GM)
353,2022,CLOXACILLIN,CAPSULE 500 MG,1489(E),27-Mar-2025,₹ 2.42(1 Capsule)
354,2022,CLOXACILLIN,CAPSULE 250 MG,1489(E),27-Mar-2025,₹ 1.43(1 Capsule)
355,2022,CLOZAPINE,TABLET 25 MG,1489(E),27-Mar-2025,₹ 2.83(1 Tablet)
356,2022,CLOZAPINE,TABLET 100 MG,1489(E),27-Mar-2025,₹ 8.60(1 Tablet)
357,2022,CLOZAPINE,TABLET 50 MG,1489(E),27-Mar-2025,₹ 5.28(1 Tablet)
358,2022,COLCHICINE,TABLET 0.5 MG,1489(E),27-Mar-2025,₹ 3.32(1 Tablet)
359,2022,CO-TRIMOXAZOLE (SULPHAMETHOXAZOLE(A)+TRIMETHOPRIM(B)],"TABLET 800 MG(A)+160
MG(B)",1489(E),27-Mar-2025,₹ 2.34(1 Tablet)
360,2022,CO-TRIMOXAZOLE (SULPHAMETHOXAZOLE(A)+TRIMETHOPRIM(B)],"TABLET 400 MG(A)+80
MG(B)",1489(E),27-Mar-2025,₹ 0.92(1 Tablet)
361,2022,CYCLOPHOSPHAMIDE,TABLET 50 MG,1489(E),27-Mar-2025,₹ 3.79(1 Tablet)
362,2022,CYCLOPHOSPHAMIDE,POWDER FOR INJECTION 500 MG,1489(E),27-Mar-2025,₹ 74.76(Each Vial)
363,2022,CYCLOSERINE,TABLET 250 MG,1489(E),27-Mar-2025,₹ 46.81(1 Tablet)
364,2022,CYCLOSERINE,CAPSULE 250 MG,1489(E),27-Mar-2025,₹ 60.22(1 Capsule)
365,2022,CYCLOSPORINE,ORAL LIQUID 100 MG/ML,1489(E),27-Mar-2025,₹ 81.98(1 ML)
366,2022,CYCLOSPORINE,CAPSULE 100 MG,1489(E),27-Mar-2025,₹ 104.91(1 Capsule)
367,2022,CYCLOSPORINE,CAPSULE 50 MG,1489(E),27-Mar-2025,₹ 56.07(1 Capsule)
368,2022,CYCLOSPORINE,CAPSULE 25 MG,1489(E),27-Mar-2025,₹ 28.53(1 Capsule)
369,2022,Cytosine arabinoside,INJECTION 100 MG,1489(E),27-Mar-2025,₹ 142.02(Each Vial)
370,2022,Cytosine arabinoside,INJECTION 500 MG,1489(E),27-Mar-2025,₹ 545.66(Each Vial)
371,2022,Cytosine arabinoside,INJECTION 1000 MG,1489(E),27-Mar-2025,₹ 1150.00(Each Vial)
372,2022,DABIGATRAN,CAPSULE 150 MG,1489(E),27-Mar-2025,₹ 36.21(1 Capsule)
373,2022,DABIGATRAN,CAPSULE 110 MG,1489(E),27-Mar-2025,₹ 32.36(1 Capsule)
374,2022,DACARBAZINE,POWDER FOR INJECTION 500 MG,1489(E),27-Mar-2025,₹ 527.86(Each Vial)
375,2022,DACARBAZINE,POWDER FOR INJECTION 200 MG,1489(E),27-Mar-2025,₹ 388.39(Each Vial)
376,2022,DACLATASVIR,TABLET 60 MG,1489(E),27-Mar-2025,₹ 203.45(1 Tablet)
377,2022,DAPSONE,TABLET 100 MG,1489(E),27-Mar-2025,₹ 0.42(1 Tablet)
378,2022,DARUNAVIR,TABLET 600 MG,1489(E),27-Mar-2025,₹ 157.13(1 Tablet)
379,2022,DARUNAVIR + RITONAVIR,TABLET 600/100 MG,1489(E),27-Mar-2025,₹ 149.01(1 Tablet)
380,2022,DESFERRIOXAMINE,POWDER FOR INJECTION 500 MG,1489(E),27-Mar-2025,₹ 287.90(Each Vial)( Pack)
381,2022,DEXAMETHASONE,INJECTION 4 MG/ML,1489(E),27-Mar-2025,₹ 0.92(Each Pack (30 ml))
382,2022,DEXAMETHASONE,TABLET 0.5 MG,1489(E),27-Mar-2025,₹ 0.22(1 Tablet)
383,2022,DEXAMETHASONE,INJECTION 4 MG/ML,1489(E),27-Mar-2025,₹ 5.18(2 ML Pack)
384,2022,DEXAMETHASONE,INJECTION 4 MG/ML,1489(E),27-Mar-2025,₹ 1.37(Each Pack (20 ml))
385,2022,DEXAMETHASONE,INJECTION 4 MG/ML,1489(E),27-Mar-2025,₹ 1.60(10 ml Pack)
386,2022,DEXAMETHASONE,INJECTION 4 MG/ML,1489(E),27-Mar-2025,₹ 2.61(1 ML)
387,2022,DEXAMETHASONE,TABLET 4 MG,1489(E),27-Mar-2025,₹ 4.70(1 Tablet)
388,2022,DIAZEPAM,TABLET 5 MG,1489(E),27-Mar-2025,₹ 1.66(1 Tablet)
389,2022,DIAZEPAM,TABLET 2 MG,1489(E),27-Mar-2025,₹ 1.47(1 Tablet)
390,2022,DIAZEPAM,INJECTION 5 MG/ML,1489(E),27-Mar-2025,₹ 5.64(1 ML)
391,2022,DIAZEPAM,SUPPOSITORY 5 MG,1489(E),27-Mar-2025,₹ 6.30(1 Suppository)
392,2022,DICLOFENAC,TABLET 50 MG,1489(E),27-Mar-2025,₹ 2.09(1 Tablet)
393,2022,DICLOFENAC,INJECTION 25 MG/ML,1489(E),27-Mar-2025,₹ 1.72(1 ML)
394,2022,DICYCLOMINE,INJECTION 10 MG,1489(E),27-Mar-2025,₹ 2.14(1 ML (10 ML & more pack))
395,2022,DICYCLOMINE,INJECTION 10 MG,1489(E),27-Mar-2025,₹ 3.38(1 ML (Less than 10 ML Pack))
396,2022,DIETHYLCARBAMAZINE,TABLET 100 MG,1489(E),27-Mar-2025,₹ 1.70(1 Tablet)
397,2022,DIETHYLCARBAMAZINE,TABLET 50 MG,1489(E),27-Mar-2025,₹ 0.57(1 Tablet)
398,2022,DIETHYLCARBAMAZINE,SYRUP 120 MG,1489(E),27-Mar-2025,₹ 0.49(1 ML)
399,2022,DIGOXIN,ORAL LIQUID 0.05 MG/ML,1489(E),27-Mar-2025,₹ 1.50(1 ML)
400,2022,DIGOXIN,TABLET 0.25 MG,1489(E),27-Mar-2025,₹ 1.35(1 Tablet)
401,2022,DIGOXIN,INJECTION 0.25 MG/ML,1489(E),27-Mar-2025,₹ 3.94(1 ML)
402,2022,DILTIAZEM,INJECTION 5 MG/ML,1489(E),27-Mar-2025,₹ 3.56(1 ML)
403,2022,DILTIAZEM,TABLET 30 MG,1489(E),27-Mar-2025,₹ 2.73(1 Tablet)
404,2022,DILTIAZEM,TABLET 60 MG,1489(E),27-Mar-2025,₹ 5.56(1 Tablet)
405,2022,DINOPROSTONE,GEL 0.5 MG,1489(E),27-Mar-2025,₹ 86.19(1 GM)
406,2022,DOBUTAMINE,INJECTION 50 MG/ML,1489(E),27-Mar-2025,₹ 9.19(1 ML)
407,2022,DOCETAXEL,POWDER FOR INJECTION 20 MG,1489(E),27-Mar-2025,₹ 2918.30(Each Vial)
408,2022,DOCETAXEL,POWDER FOR INJECTION 80 MG,1489(E),27-Mar-2025,₹ 10513.51(Each Vial)
409,2022,DOLUTEGRAVIR,TABLET 50 MG,1489(E),27-Mar-2025,₹ 114.74(1 Tablet)
410,2022,DOLUTEGRAVIR + LAMIVUDINE + TENOFOVIR,TABLET 50/300/300 MG,1489(E),27-Mar-2025,₹ 116.98(1 Tablet)
411,2022,DOMPERIDONE,TABLET 10 MG,1489(E),27-Mar-2025,₹ 2.35(1 Tablet)
412,2022,DOMPERIDONE,ORAL LIQUID 1 MG/ML,1489(E),27-Mar-2025,₹ 1.26(1 ML)
413,2022,DONEPEZIL,TABLET 10 MG,1489(E),27-Mar-2025,₹ 17.76(1 Tablet)
414,2022,DONEPEZIL,TABLET 5 MG,1489(E),27-Mar-2025,₹ 12.32(1 Tablet)
415,2022,DOPAMINE,INJECTION 40 MG/ML,1489(E),27-Mar-2025,₹ 4.85(1 ML)
416,2022,DOXORUBICIN,INJECTION 2 MG/ML,1489(E),27-Mar-2025,₹ 32.30(1 ML)
417,2022,DOXYCYCLINE,TABLET 100 MG,1489(E),27-Mar-2025,₹ 1.24(1 Tablet)
418,2022,DOXYCYCLINE,CAPSULE 100 MG,1489(E),27-Mar-2025,₹ 3.13(1 Capsule)
419,2022,DOXYCYCLINE,INJECTION 100 MG,1489(E),27-Mar-2025,₹ 511.38(Each Vial)
420,2022,DPT + Hib + Hep B,VACCINE --,1489(E),27-Mar-2025,₹ 76.97(Per 0.1 ml)
421,2022,EFAVIRENZ,CAPSULE 200 MG,1489(E),27-Mar-2025,₹ 22.36(1 Capsule)
422,2022,EFAVIRENZ,TABLET 600 MG,1489(E),27-Mar-2025,₹ 71.82(1 Tablet)
423,2022,EFAVIRENZ,TABLET 200 MG,1489(E),27-Mar-2025,₹ 22.93(1 Tablet)
424,2022,ENALAPRIL,TABLET 2.5 MG,1489(E),27-Mar-2025,₹ 2.23(1 Tablet)
425,2022,ENALAPRIL,TABLET 5 MG,1489(E),27-Mar-2025,₹ 3.76(1 Tablet)
426,2022,ENOXAPARIN,INJECTION 40 MG/ 0.4 ML,1489(E),27-Mar-2025,₹ 113.93(0.1 ml)
427,2022,ENOXAPARIN,INJECTION 60 MG/ 0.6 ML,1489(E),27-Mar-2025,₹ 113.93(0.1 ml)
428,2022,ENTECAVIR,TABLET 0.5 MG,1489(E),27-Mar-2025,₹ 85.91(1 Tablet)
429,2022,ENTECAVIR,TABLET 1 MG,1489(E),27-Mar-2025,₹ 132.50(1 Tablet)
430,2022,ERYTHROPOIETIN,INJECTION 10000 IU/ML,1489(E),27-Mar-2025,₹ 2003.37(1 ML)
431,2022,ERYTHROPOIETIN,INJECTION 2000 IU/ML,1489(E),27-Mar-2025,₹ 559.14(1 ML)
432,2022,ESCITALOPRAM,TABLET 5 MG,1489(E),27-Mar-2025,₹ 5.11(1 Tablet)
433,2022,ESCITALOPRAM,TABLET 20 MG,1489(E),27-Mar-2025,₹ 14.61(1 Tablet)
434,2022,ESCITALOPRAM,TABLET 10 MG,1489(E),27-Mar-2025,₹ 9.16(1 Tablet)
435,2022,ESMOLOL,INJECTION 10 MG/ML,1489(E),27-Mar-2025,₹ 26.84(1 ML)
436,2022,ETHAMBUTOL,TABLET 600 MG,1489(E),27-Mar-2025,₹ 4.15(1 Tablet)
437,2022,ETHAMBUTOL,TABLET 800 MG,1489(E),27-Mar-2025,₹ 5.05(1 Tablet)
438,2022,ETHAMBUTOL,TABLET 400 MG,1489(E),27-Mar-2025,₹ 2.66(1 Tablet)
439,2022,ETHAMBUTOL,TABLET 200 MG,1489(E),27-Mar-2025,₹ 1.16(1 Tablet)
440,2022,ETHINYLESTRADIOL (A)+LEVONORGESTREL (B),"TABLET 0.03 MG(A) + 0.15
MG(B)",1489(E),27-Mar-2025,₹ 3.23(1 Tablet)
441,2022,ETHIONAMIDE,TABLET 250 MG,1489(E),27-Mar-2025,₹ 15.07(1 Tablet)
442,2022,ETOPOSIDE,CAPSULE 50 MG,1489(E),27-Mar-2025,₹ 57.62(1 Capsule)
443,2022,ETOPOSIDE,INJECTION 20 MG/ML,1489(E),27-Mar-2025,₹ 35.11(1 ML)
444,2022,FENTANYL,INJECTION 50 MCG/ML,1489(E),27-Mar-2025,₹ 21.32(1 ML)
445,2022,FILGRASTIM,INJECTION 300 MCG,1489(E),27-Mar-2025,₹ 1180.16(Each Vial)
446,2022,FLUCONAZOLE,CAPSULE 100 MG,1489(E),27-Mar-2025,₹ 21.77(1 Capsule)
447,2022,FLUCONAZOLE,TABLET 50 MG,1489(E),27-Mar-2025,₹ 9.85(1 Tablet)
448,2022,FLUCONAZOLE,TABLET 400 MG,1489(E),27-Mar-2025,₹ 30.27(1 Tablet)
449,2022,FLUCONAZOLE,TABLET 200 MG,1489(E),27-Mar-2025,₹ 17.76(1 Tablet)
450,2022,FLUCONAZOLE,TABLET 150 MG,1489(E),27-Mar-2025,₹ 12.27(1 Tablet)
451,2022,FLUCONAZOLE,CAPSULE 200 MG,1489(E),27-Mar-2025,₹ 40.81(1 Capsule)
452,2022,FLUCONAZOLE,TABLET 100 MG,1489(E),27-Mar-2025,₹ 7.75(1 Tablet)
453,2022,FLUCONAZOLE,CAPSULE 150 MG,1489(E),27-Mar-2025,₹ 19.55(1 Capsule)
454,2022,FLUCONAZOLE,INJECTION 200 MG/ 100 ML,1489(E),27-Mar-2025,₹ 93.94(Each Vial)
455,2022,FLUDROCORTISONE,TABLET 100 MCG,1489(E),27-Mar-2025,₹ 13.43(1 Tablet)
456,2022,FLUNARIZINE,TABLET 5 MG,1489(E),27-Mar-2025,₹ 2.52(1 Tablet)
457,2022,FLUNARIZINE,TABLET 10 MG,1489(E),27-Mar-2025,₹ 4.90(1 Tablet)
458,2022,FLUOXETINE,CAPSULE 20 MG,1489(E),27-Mar-2025,₹ 4.06(1 Capsule)
459,2022,FLUOXETINE,CAPSULE 60 MG,1489(E),27-Mar-2025,₹ 11.29(1 Capsule)
460,2022,FLUOXETINE,TABLET 60 MG,1489(E),27-Mar-2025,₹ 8.39(1 Tablet)
461,2022,FLUOXETINE,CAPSULE 40 MG,1489(E),27-Mar-2025,₹ 6.60(1 Capsule)
462,2022,FLUOXETINE,TABLET 40 MG,1489(E),27-Mar-2025,₹ 5.66(1 Tablet)
463,2022,FLUOXETINE,TABLET 20 MG,1489(E),27-Mar-2025,₹ 4.22(1 Tablet)
464,2022,FLUOXETINE,CAPSULE 10 MG,1489(E),27-Mar-2025,₹ 3.38(1 Capsule)
465,2022,FLUOXETINE,TABLET 10 MG,1489(E),27-Mar-2025,₹ 2.83(1 Tablet)
466,2022,FLUPHENAZINE,INJECTION 25 MG,1489(E),27-Mar-2025,₹ 56.22(1 ML)
467,2022,FOLIC ACID,TABLET 5 MG,1489(E),27-Mar-2025,₹ 1.54(1 Tablet)
468,2022,FOLIC ACID,CAPSULE 5 MG,1489(E),27-Mar-2025,₹ 5.13(1 Capsule)
469,2022,FORMOTERAL + BUDESONIDE,INHALER 6/400 MCG,1489(E),27-Mar-2025,₹ 3.43(Per Metered Dose)( Pack)
470,2022,FORMOTERAL + BUDESONIDE,INHALER 6/200 MCG,1489(E),27-Mar-2025,₹ 3.01(Per Metered Dose)( Pack)
471,2022,FORMOTERAL + BUDESONIDE,CAPSULE 6/100 MCG,1489(E),27-Mar-2025,₹ 4.40(Per Dose)
472,2022,FORMOTERAL + BUDESONIDE,INHALER 6/200 MCG,1489(E),27-Mar-2025,₹ 5.82(Per Dose)
473,2022,FORMOTERAL + BUDESONIDE,INHALER 6/100 MCG,1489(E),27-Mar-2025,₹ 2.16(Per Metered Dose)
474,2022,FORMOTERAL + BUDESONIDE,INHALER 6/400 MCG,1489(E),27-Mar-2025,₹ 7.07(Per Dose)
475,2022,FRAMYCETIN,CREAM 1 %,1489(E),27-Mar-2025,₹ 1.69(1 GM)
476,2022,FUROSEMIDE,INJECTION 10 MG/ML,1489(E),27-Mar-2025,₹ 3.04(1 ML)
477,2022,FUROSEMIDE,ORAL LIQUID 10 MG/ML,1489(E),27-Mar-2025,₹ 3.38(1 ML)
478,2022,FUROSEMIDE,TABLET 40 MG,1489(E),27-Mar-2025,₹ 0.93(1 Tablet)
479,2022,FUSIDIC ACID,CREAM 2 %,1489(E),27-Mar-2025,₹ 10.00(1 GM)
480,2022,GEFITINIB,TABLET 250 MG,1489(E),27-Mar-2025,₹ 241.27(1 Tablet)
481,2022,GEMCITABINE,POWDER FOR INJECTION 1000 MG,1489(E),27-Mar-2025,₹ 5689.87(Each Vial)
482,2022,GEMCITABINE,POWDER FOR INJECTION 200 MG,1489(E),27-Mar-2025,₹ 1322.42(Each Vial)
483,2022,GENTAMICIN,INJECTION 40 MG,1489(E),27-Mar-2025,₹ 1.54(Each Pack (10 ML))
484,2022,GENTAMICIN,INJECTION 40 MG,1489(E),27-Mar-2025,₹ 1.58(Each Pack (20 ml))
485,2022,GENTAMICIN,INJECTION 40 MG,1489(E),27-Mar-2025,₹ 2.95(1 ML)
486,2022,GENTAMICIN,INJECTION 40 MG,1489(E),27-Mar-2025,₹ 1.25(Each Pack (30 ml))
487,2022,GENTAMICIN,INJECTION 40 MG,1489(E),27-Mar-2025,₹ 4.93(2 ML Pack)
488,2022,GENTAMICIN,INJECTION 10 MG,1489(E),27-Mar-2025,₹ 2.45(1 ML)
489,2022,GLARGINE,DISPOSABLE PEN 100 IU,1489(E),27-Mar-2025,₹ 248.39(1 ML)
490,2022,GLARGINE,INJECTION 100 IU,1489(E),27-Mar-2025,₹ 207.00(1 ML)
491,2022,GLIMEPIRIDE,TABLET 1 MG,1489(E),27-Mar-2025,₹ 3.76(1 Tablet)
492,2022,GLIMEPIRIDE,TABLET 2 MG,1489(E),27-Mar-2025,₹ 5.90(1 Tablet)
493,2022,GLUCOSE,INFUSION 25 %,1489(E),27-Mar-2025,₹ 0.20(1 ML)
494,2022,GLYCEROL,CREAM 15 %,1489(E),27-Mar-2025,₹ 2.41(1 GM)
495,2022,GLYCEROL,LOTION 15 %,1489(E),27-Mar-2025,₹ 1.25(1 ML)
496,2022,GLYCERYL TRINITRATE,SUBLINGUAL TABLET 0.5 MG,1489(E),27-Mar-2025,₹ 1.29(1 Tablet)
497,2022,GLYCERYL TRINITRATE,INJECTION 5 MG/ML,1489(E),27-Mar-2025,₹ 6.30(1 ML)
498,2022,GLYCOPYRROLATE,INJECTION 0.2 MG/ML,1489(E),27-Mar-2025,₹ 14.78(1 ML)
499,2022,GRISEOFULVIN,TABLET 250 MG,1489(E),27-Mar-2025,₹ 1.80(1 Tablet)
500,2022,HALOPERIDOL,LIQUID 2 MG,1489(E),27-Mar-2025,₹ 2.28(1 ML)
501,2022,HALOPERIDOL,INJECTION 5 MG/ML,1489(E),27-Mar-2025,₹ 6.62(1 ML)
502,2022,HALOPERIDOL,TABLET 5 MG,1489(E),27-Mar-2025,₹ 3.63(1 Tablet)
503,2022,HALOPERIDOL,TABLET 10 MG,1489(E),27-Mar-2025,₹ 4.86(1 Tablet)
504,2022,HALOPERIDOL,TABLET 1.5 MG,1489(E),27-Mar-2025,₹ 1.61(1 Tablet)
505,2022,HALOPERIDOL,TABLET 20 MG,1489(E),27-Mar-2025,₹ 5.45(1 Tablet)
506,2022,HALOTHANE,LIQUID 100 %,1489(E),27-Mar-2025,₹ 6.21(1 ML)
507,2022,HEPATITIS B,VACCINE --,1489(E),27-Mar-2025,₹ 80.19(1 ML)
508,2022,HEPATITIS IMMUNOGLOBULIN,INJECTION --,1489(E),27-Mar-2025,₹ 5594.39(Each Vial)
509,2022,HOMATROPINE EYE DROPS / OINTMENT,EYE DROPS 2 %,1489(E),27-Mar-2025,₹ 6.51(1 ML)
510,2022,HORMONE RELEASING IUD,"DEVICE CONTAINS 52 MGOF
LEVONORGESTREL",1489(E),27-Mar-2025,₹ 4174.93(1 IUD)
511,2022,HUMAN CHORIONIC GONADOTROPIN,INJECTION 10000 IU,1489(E),27-Mar-2025,₹ 944.46(Each Vial)
512,2022,HUMAN CHORIONIC GONADOTROPIN,INJECTION 2000 IU,1489(E),27-Mar-2025,₹ 349.63(Each Vial)
513,2022,HUMAN CHORIONIC GONADOTROPIN,INJECTION 5000 IU/ML,1489(E),27-Mar-2025,₹ 424.74(Each Vial)
514,2022,HUMAN PREMIX INSULIN,INJECTION 40 IU,1489(E),27-Mar-2025,₹ 17.29(1 ML)
515,2022,HYDROCHLOROTHIAZIDE,TABLET 12.5 MG,1489(E),27-Mar-2025,₹ 1.06(1 Tablet)
516,2022,HYDROCHLOROTHIAZIDE,TABLET 25 MG,1489(E),27-Mar-2025,₹ 1.78(1 Tablet)
517,2022,HYDROCORTISONE,INJECTION 200 MG,1489(E),27-Mar-2025,₹ 66.74(Each Vial)
518,2022,HYDROCORTISONE,TABLET 20 MG,1489(E),27-Mar-2025,₹ 15.15(1 Tablet)
519,2022,HYDROCORTISONE,TABLET 10 MG,1489(E),27-Mar-2025,₹ 6.82(1 Tablet)
520,2022,HYDROCORTISONE,POWDER FOR INJECTION 100 MG,1489(E),27-Mar-2025,₹ 45.57(Each Vial)
521,2022,HYDROCORTISONE,TABLET 5 MG,1489(E),27-Mar-2025,₹ 3.17(1 Tablet)
522,2022,HYDROXYCHLOROQUINE,TABLET 200 MG,1489(E),27-Mar-2025,₹ 6.47(1 Tablet)
523,2022,HYDROXYCHLOROQUINE,TABLET 400 MG,1489(E),27-Mar-2025,₹ 14.04(1 Tablet)
524,2022,HYDROXY PROPYL METHYL CELLULOSE (2 % W/ V),PREFILLED SYRINGE --,1489(E),27-Mar-2025,₹ 29.72(1 ML)
525,2022,HYDROXYUREA,CAPSULE 500 MG,1489(E),27-Mar-2025,₹ 12.33(1 Capsule)
526,2022,HYOSCINE,INJECTION 20 MG,1489(E),27-Mar-2025,₹ 11.44(1 ML)
527,2022,IBUPROFEN,TABLET 400 MG,1489(E),27-Mar-2025,₹ 1.22(1 Tablet)
528,2022,IBUPROFEN,TABLET 200 MG,1489(E),27-Mar-2025,₹ 0.72(1 Tablet)
529,2022,IBUPROFEN,ORAL LIQUID 100 MG/ 5 ML,1489(E),27-Mar-2025,₹ 0.22(1 ML)
530,2022,IFOSFAMIDE,INJECTION 2000 MG,1489(E),27-Mar-2025,₹ 654.34(Each Vial)
531,2022,IFOSFAMIDE,INJECTION 1000 MG,1489(E),27-Mar-2025,₹ 324.50(Each Vial)
532,2022,IMATINIB,TABLET 400 MG,1489(E),27-Mar-2025,₹ 203.09(1 Tablet)
533,2022,IMATINIB,TABLET 100 MG,1489(E),27-Mar-2025,₹ 70.96(1 Tablet)
534,2022,IMATINIB MESYLATE,CAPSULE 100 MG,1489(E),27-Mar-2025,₹ 74.76(1 Capsule)
535,2022,INTERMEDIATE-ACTING INSULIN(SOLUBLE),INJECTION 40 IU/ ML,1489(E),27-Mar-2025,₹ 17.29(1 ML)
536,2022,INTERMEDIATE-ACTING INSULIN(SOLUBLE),INJECTION 40 IU/ ML,1489(E),27-Mar-2025,₹ 17.29(1 ML)
537,2022,IOHEXOL,INJECTION 300 MG,1489(E),27-Mar-2025,₹ 17.19(1 ML)
538,2022,IOHEXOL,INFUSION 350 MG,1489(E),27-Mar-2025,₹ 14.49(1 ML)
539,2022,IRINOTECAN,INJECTION 40 MG,1489(E),27-Mar-2025,₹ 981.68(1 ML)
540,2022,IRON SUCROSE,INJECTION 20 MG/ML,1489(E),27-Mar-2025,₹ 58.41(1 ML)
541,2022,ISOFLURANE,LIQUID 100 %,1489(E),27-Mar-2025,₹ 9.82(1 ML)
542,2022,ISONIAZID,TABLET 100 MG,1489(E),27-Mar-2025,₹ 0.74(1 Tablet)( Pack)
543,2022,ISONIAZID,TABLET 300 MG,1489(E),27-Mar-2025,₹ 1.31(1 Tablet)
544,2022,ISOSORBIDE DINITRATE,TABLET 5 MG,1489(E),27-Mar-2025,₹ 0.83(1 Tablet)
545,2022,ISOSORBIDE DINITRATE,TABLET 10 MG,1489(E),27-Mar-2025,₹ 0.82(1 Tablet)
546,2022,ISPAGHULA,POWDER --,1489(E),27-Mar-2025,₹ 0.96(1 GM)
547,2022,ITRACONAZOLE,ORAL SOLUTION 10 MG,1489(E),27-Mar-2025,₹ 5.03(1 ML)
548,2022,ITRACONAZOLE,CAPSULE 100 MG,1489(E),27-Mar-2025,₹ 16.96(1 Capsule)
549,2022,ITRACONAZOLE,CAPSULE 200 MG,1489(E),27-Mar-2025,₹ 22.50(1 Capsule)
550,2022,IUDS CONTAINING COPPER,DEVICE --,1489(E),27-Mar-2025,₹ 285.90(1 IUD)
551,2022,IVERMECTIN,TABLET 12 MG,1489(E),27-Mar-2025,₹ 38.02(1 Tablet)
552,2022,IVERMECTIN,TABLET 6 MG,1489(E),27-Mar-2025,₹ 21.96(1 Tablet)
553,2022,Japanese Encephalitis,VACCINE Upto 3 MCG,1489(E),27-Mar-2025,₹ 527.68(Each Vial)
554,2022,Japanese Encephalitis,VACCINE 4 MCG to 6 MCG,1489(E),27-Mar-2025,₹ 688.94(Each Vial)
555,2022,KETAMINE,INJECTION 50 MG,1489(E),27-Mar-2025,₹ 12.33(1 ML)
556,2022,LABETALOL,INJECTION 5 MG,1489(E),27-Mar-2025,₹ 50.85(1 ML)
557,2022,LABETALOL,TABLET 100 MG,1489(E),27-Mar-2025,₹ 15.42(1 Tablet)
558,2022,LACTULOSE,ORAL LIQUID 10 GM/ 15 ML,1489(E),27-Mar-2025,₹ 1.25(1 ML)
559,2022,LAMIVUDINE,TABLET 100 MG,1489(E),27-Mar-2025,₹ 11.26(1 Tablet)( Pack)
560,2022,LAMIVUDINE,TABLET 150 MG,1489(E),27-Mar-2025,₹ 11.05(1 Tablet)
561,2022,LAMIVUDINE + ZIDOVUDINE,TABLET 150/300 MG,1489(E),27-Mar-2025,₹ 21.46(1 Tablet)
562,2022,L-ASPARAGINASE,POWDER FOR INJECTION 10000 KU,1489(E),27-Mar-2025,₹ 1737.46(Each Vial)
563,2022,L-ASPARAGINASE,POWDER FOR INJECTION 5000 KU,1489(E),27-Mar-2025,₹ 1052.88(Each Vial)
564,2022,LATANOPROST,EAR DROPS 0.005 %,1489(E),27-Mar-2025,₹ 236.63(1 ML)
565,2022,LENALIDOMIDE,CAPSULE 5 MG,1489(E),27-Mar-2025,₹ 68.42(1 Capsule)
566,2022,LENALIDOMIDE,CAPSULE 25 MG,1489(E),27-Mar-2025,₹ 297.36(1 Capsule)
567,2022,LETROZOLE,TABLET 2.50 MG,1489(E),27-Mar-2025,₹ 29.83(1 Tablet)
568,2022,LEUPRORELIN,INJECTION 22.5 MG,1489(E),27-Mar-2025,₹ 17378.77(Each Vial)
569,2022,LEUPRORELIN,INJECTION 3.75 MG,1489(E),27-Mar-2025,₹ 3166.84(Each Vial)
570,2022,LEUPRORELIN,INJECTION 11.25 MG,1489(E),27-Mar-2025,₹ 9456.23(Each Vial)
571,2022,LEVETIRACETAM,MODIFIED RELEASE TABLET 750 MG,1489(E),27-Mar-2025,₹ 18.62(1 Tablet)
572,2022,LEVETIRACETAM,TABLET 250 MG,1489(E),27-Mar-2025,₹ 6.41(1 Tablet)
573,2022,LEVETIRACETAM,SYRUP 100 MG,1489(E),27-Mar-2025,₹ 4.04(1 ML)
574,2022,LEVETIRACETAM,INJECTION 100 MG/ML,1489(E),27-Mar-2025,₹ 23.42(1 ML)
575,2022,LEVETIRACETAM,TABLET 750 MG,1489(E),27-Mar-2025,₹ 19.68(1 Tablet)
576,2022,LEVETIRACETAM,TABLET 500 MG,1489(E),27-Mar-2025,₹ 13.21(1 Tablet)
577,2022,LEVODOPA (A)+CARBIDOPA (B),TABLET 100 MG(A) + 25 MG(B),1489(E),27-Mar-2025,₹ 2.62(1 Tablet)
578,2022,LEVODOPA (A)+CARBIDOPA (B),TABLET 100 MG(A) + 10 MG(B),1489(E),27-Mar-2025,₹ 1.79(1 Tablet)
579,2022,LEVODOPA + CARBIDOPA,TABLET 250/25 MG,1489(E),27-Mar-2025,₹ 4.50(1 Tablet)
580,2022,LEVODOPA + CARBIDOPA,MODIFIED RELEASE TABLET 100/25 MG,1489(E),27-Mar-2025,₹ 2.84(1 Tablet)
581,2022,LEVODOPA + CARBIDOPA,MODIFIED RELEASE TABLET 200/50 MG,1489(E),27-Mar-2025,₹ 4.81(1 Tablet)
582,2022,LEVOFLOXACIN,TABLET 750 MG,1489(E),27-Mar-2025,₹ 12.67(1 Tablet)
583,2022,LEVOFLOXACIN,TABLET 500 MG,1489(E),27-Mar-2025,₹ 9.15(1 Tablet)
584,2022,LEVOFLOXACIN,TABLET 250 MG,1489(E),27-Mar-2025,₹ 4.90(1 Tablet)
585,2022,LEVONORGESTREL,TABLET 1.5 MG,1489(E),27-Mar-2025,₹ 76.66(1 Tablet)
586,2022,LEVOTHYROXINE,TABLET 75 MCG,1489(E),27-Mar-2025,₹ 1.47(1 Tablet)
587,2022,LEVOTHYROXINE,TABLET 125 MCG,1489(E),27-Mar-2025,₹ 1.72(1 Tablet)
588,2022,LEVOTHYROXINE,TABLET 12.5 MCG,1489(E),27-Mar-2025,₹ 1.51(1 Tablet)
589,2022,LEVOTHYROXINE,TABLET 25 MCG,1489(E),27-Mar-2025,₹ 1.48(1 Tablet)
590,2022,LEVOTHYROXINE,TABLET 50 MCG,1489(E),27-Mar-2025,₹ 1.05(1 Tablet)
591,2022,LEVOTHYROXINE,TABLET 112 MCG,1489(E),27-Mar-2025,₹ 1.69(1 Tablet)
592,2022,LEVOTHYROXINE,TABLET 100 MCG,1489(E),27-Mar-2025,₹ 1.34(1 Tablet)
593,2022,LEVOTHYROXINE,TABLET 62.5 MCG,1489(E),27-Mar-2025,₹ 1.64(1 Tablet)
594,2022,LEVOTHYROXINE,TABLET 150 MCG,1489(E),27-Mar-2025,₹ 1.73(1 Tablet)
595,2022,LEVOTHYROXINE,TABLET 88 MCG,1489(E),27-Mar-2025,₹ 1.68(1 Tablet)
596,2022,LIDOCAINE,INJECTION 5 % with 7.5 %,1489(E),27-Mar-2025,₹ 3.56(1 ML)
597,2022,LIDOCAINE,Topical forms 2-5%,1489(E),27-Mar-2025,₹ 1.10(1 gm or 1 ml)( Pack)
598,2022,LIDOCAINE,INJECTION 1 %,1489(E),27-Mar-2025,₹ 9.02(1 ML)
599,2022,LIDOCAINE,INJECTION 2 %,1489(E),27-Mar-2025,₹ 1.16(1 ML)( Pack)
600,2022,LIDOCAINE + ADRENALINE,INJECTION 2%/0.005MG,1489(E),27-Mar-2025,₹ 1.07(1 ML)
601,2022,LINEZOLID,TABLET 300 MG,1489(E),27-Mar-2025,₹ 23.04(1 Tablet)
602,2022,LINEZOLID,TABLET 600 MG,1489(E),27-Mar-2025,₹ 36.29(1 Tablet)
603,2022,LITHIUM,TABLET 300 MG,1489(E),27-Mar-2025,₹ 2.49(1 Tablet)( Pack)
604,2022,LOPERAMIDE,CAPSULE 2 MG,1489(E),27-Mar-2025,₹ 3.86(1 Capsule)
605,2022,LOPERAMIDE,TABLET 2 MG,1489(E),27-Mar-2025,₹ 2.32(1 Tablet)
606,2022,LORAZEPAM,INJECTION 2 MG/ML,1489(E),27-Mar-2025,₹ 8.24(1 ML)
607,2022,LORAZEPAM,TABLET 1 MG,1489(E),27-Mar-2025,₹ 2.35(1 Tablet)
608,2022,LORAZEPAM,TABLET 2 MG,1489(E),27-Mar-2025,₹ 2.86(1 Tablet)
609,2022,MAGNESIUM SULPHATE,INJECTION 500 MG/ML,1489(E),27-Mar-2025,₹ 4.95(1 ML)
610,2022,MANNITOL,INFUSION 20 %,1489(E),27-Mar-2025,₹ 0.36(1 ML)
611,2022,MANNITOL,INFUSION 10 %,1489(E),27-Mar-2025,₹ 0.19(1 ML)
612,2022,MEASLES,INJECTION 0.5 ML,1489(E),27-Mar-2025,₹ 51.07(Each Vial)( Pack)
613,2022,MEBENDAZOLE,TABLET 100 MG,1489(E),27-Mar-2025,₹ 2.95(1 Tablet)
614,2022,MEBENDAZOLE,ORAL LIQUID 100 MG/ 5 ML,1489(E),27-Mar-2025,₹ 0.85(1 ML)
615,2022,MEDROXYPROGESTERONEACETATE,TABLET 10 MG,1489(E),27-Mar-2025,₹ 6.36(1 Tablet)
616,2022,MEDROXYPROGESTERONE INJECTABLE,INJECTION 150 MG,1489(E),27-Mar-2025,₹ 294.80(1 ML)
617,2022,MEFENAMIC ACID,ORAL LIQUID 100 MG/ 5 ML,1489(E),27-Mar-2025,₹ 0.57(1 ML)
618,2022,MEFENAMIC ACID,TABLET 250 MG,1489(E),27-Mar-2025,₹ 2.15(1 Tablet)
619,2022,MEFLOQUINE,TABLET 250 MG,1489(E),27-Mar-2025,₹ 53.07(1 Tablet)
620,2022,MEGLUMINE DIATRIZOATE,INJECTION 76 %,1489(E),27-Mar-2025,₹ 10.38(1 ML)
621,2022,MEGLUMINE DIATRIZOATE,INJECTION 60 %,1489(E),27-Mar-2025,₹ 9.63(1 ML)
622,2022,MELPHALAN,TABLET 2 MG,1489(E),27-Mar-2025,₹ 92.93(1 Tablet)
623,2022,MELPHALAN,TABLET 5 MG,1489(E),27-Mar-2025,₹ 87.54(1 Tablet)
624,2022,MEROPENEM,INJECTION 1000 MG,1489(E),27-Mar-2025,₹ 969.32(Each Vial)
625,2022,MEROPENEM,INJECTION 500 MG,1489(E),27-Mar-2025,₹ 735.59(Each Vial)
626,2022,MESNA,INJECTION 100 MG,1489(E),27-Mar-2025,₹ 15.78(1 ML)
627,2022,METFORMIN,TABLET 500 MG,1489(E),27-Mar-2025,₹ 2.06(1 Tablet)
628,2022,METFORMIN,TABLET 1000 MG,1489(E),27-Mar-2025,₹ 3.55(1 Tablet)
629,2022,METFORMIN,MODIFIED RELEASE TABLET 1000 MG,1489(E),27-Mar-2025,₹ 4.12(1 Tablet)
630,2022,METHOTREXATE,TABLET 5 MG,1489(E),27-Mar-2025,₹ 9.59(1 Tablet)
631,2022,METHOTREXATE,TABLET 2.5 MG,1489(E),27-Mar-2025,₹ 5.40(1 Tablet)
632,2022,METHOTREXATE,TABLET 10 MG,1489(E),27-Mar-2025,₹ 13.52(1 Tablet)
633,2022,METHYLERGOMETRINE,INJECTION 0.2 MG/ML,1489(E),27-Mar-2025,₹ 15.21(1 ML)
634,2022,METHYLERGOMETRINE,TABLET 0.125 MG,1489(E),27-Mar-2025,₹ 9.10(1 Tablet)
635,2022,METHYLPREDNISOLONE,INJECTION 40 MG/ML,1489(E),27-Mar-2025,₹ 46.46(1 ML)
636,2022,METOCLOPRAMIDE,INJECTION 5 MG/ML,1489(E),27-Mar-2025,₹ 1.66(1 ML (10 ML & more pack))
637,2022,METOCLOPRAMIDE,INJECTION 5 MG/ML,1489(E),27-Mar-2025,₹ 2.72(1 ML)
638,2022,METOCLOPRAMIDE,TABLET 10 MG,1489(E),27-Mar-2025,₹ 1.37(1 Tablet)
639,2022,METOCLOPRAMIDE,SYRUP 5 MG,1489(E),27-Mar-2025,₹ 0.51(1 ML)
640,2022,METOPROLOL,TABLET 100 MG,1489(E),27-Mar-2025,₹ 11.32(1 Tablet)
641,2022,METOPROLOL,INJECTION 1 MG,1489(E),27-Mar-2025,₹ 3.46(1 ML)
642,2022,METOPROLOL,TABLET ER 100 MG,1489(E),27-Mar-2025,₹ 15.25(1 Tablet)
643,2022,METOPROLOL,CAPSULE 25 MG,1489(E),27-Mar-2025,₹ 4.21(1 Capsule)
644,2022,METOPROLOL,TABLET 50 MG,1489(E),27-Mar-2025,₹ 5.94(1 Tablet)
645,2022,METOPROLOL,CAPSULE 50 MG,1489(E),27-Mar-2025,₹ 5.92(1 Capsule)
646,2022,METRONIDAZOLE,INJECTION 500 MG,1489(E),27-Mar-2025,₹ 0.21(1 ML)
647,2022,METRONIDAZOLE,TABLET 200 MG,1489(E),27-Mar-2025,₹ 0.83(1 Tablet)
648,2022,METRONIDAZOLE,TABLET 400 MG,1489(E),27-Mar-2025,₹ 1.55(1 Tablet)
649,2022,METRONIDAZOLE,ORAL LIQUID 200 MG/ 5 ML,1489(E),27-Mar-2025,₹ 0.53(1 ML)
650,2022,MIDAZOLAM,NASAL SPRAY 1.25 MG,1489(E),27-Mar-2025,₹ 220.59(1 ML)
651,2022,MIDAZOLAM,INJECTION 5 MG,1489(E),27-Mar-2025,₹ 11.07(1 ML)
652,2022,MIDAZOLAM,INJECTION 1 MG,1489(E),27-Mar-2025,₹ 6.02(1 ML)
653,2022,MIDAZOLAM,NASAL SPRAY 0.5 MG,1489(E),27-Mar-2025,₹ 81.32(1 ML)
654,2022,MIFEPRISTONE,TABLET 200 MG,1489(E),27-Mar-2025,₹ 357.02(1 Tablet)
655,2022,MISOPROSTOL,TABLET 200 MCG,1489(E),27-Mar-2025,₹ 19.30(1 Tablet)
656,2022,MISOPROSTOL,TABLET 100 MCG,1489(E),27-Mar-2025,₹ 10.09(1 Tablet)
657,2022,MONTELUKAST,TABLET 4 MG,1489(E),27-Mar-2025,₹ 10.41(1 Tablet)( Pack)
658,2022,MONTELUKAST,TABLET 10 MG,1489(E),27-Mar-2025,₹ 16.73(1 Tablet)
659,2022,MONTELUKAST,TABLET 5 MG,1489(E),27-Mar-2025,₹ 12.22(1 Tablet)( Pack)
660,2022,MORPHINE,INJECTION 10 MG,1489(E),27-Mar-2025,₹ 19.94(1 ML)
661,2022,MORPHINE,INJECTION 15 MG,1489(E),27-Mar-2025,₹ 15.19(1 ML)
662,2022,MOXIFLOXACIN,TABLET 400 MG,1489(E),27-Mar-2025,₹ 26.27(1 Tablet)
663,2022,MUPIROCIN,OINTMENT 2 %,1489(E),27-Mar-2025,₹ 20.64(1 GM)
664,2022,MYCOPHENOLATE MOFETIL,TABLET 250 MG,1489(E),27-Mar-2025,₹ 50.46(1 Tablet)
665,2022,MYCOPHENOLATE MOFETIL,TABLET 500 MG,1489(E),27-Mar-2025,₹ 75.89(1 Tablet)( Pack)
666,2022,NALOXONE,INJECTION 400 MCG,1489(E),27-Mar-2025,₹ 94.33(1 ML)
667,2022,NATAMYCIN,EYE DROPS 5 %,1489(E),27-Mar-2025,₹ 23.79(1 ML)
668,2022,NEOSTIGMINE,TABLET 15 MG,1489(E),27-Mar-2025,₹ 4.67(1 Tablet)
669,2022,NEOSTIGMINE,INJECTION 0.5 MG,1489(E),27-Mar-2025,₹ 5.10(1 ML)
670,2022,NEVIRAPINE,TABLET 200 MG,1489(E),27-Mar-2025,₹ 16.07(1 Tablet)
671,2022,NICOTINE,GUM 2 MG,1489(E),27-Mar-2025,₹ 8.74(1 Gum)
672,2022,NICOTINE,LOZENGES 2 MG,1489(E),27-Mar-2025,₹ 8.06(1 Lozenges)
673,2022,NICOTINE,GUM 4 MG,1489(E),27-Mar-2025,₹ 10.83(1 Gum)
674,2022,NICOTINE,PASTILLES 4 MG,1489(E),27-Mar-2025,₹ 7.97(1 Pastille)
675,2022,NICOTINE,LOZENGES 4 MG,1489(E),27-Mar-2025,₹ 9.92(1 Lozenges)
676,2022,NICOTINE,PASTILLES 2 MG,1489(E),27-Mar-2025,₹ 7.24(1 Pastille)
677,2022,NIFEDIPINE,TABLET 10 MG,1489(E),27-Mar-2025,₹ 1.57(1 Tablet)
678,2022,NIFEDIPINE,CAPSULE 10 MG,1489(E),27-Mar-2025,₹ 0.97(1 Capsule)
679,2022,NITROFURANTOIN,CAPSULE 100 MG,1489(E),27-Mar-2025,₹ 8.79(1 Capsule)
680,2022,NITROFURANTOIN,TABLET 100 MG,1489(E),27-Mar-2025,₹ 8.25(1 Tablet)
681,2022,NITROFURANTOIN,ORAL LIQUID 25 MG/5 ML,1489(E),27-Mar-2025,₹ 0.91(1 ML)
682,2022,NITROUS OXIDE,INHALER --,1489(E),27-Mar-2025,₹ 290.95(Cubic Meter)
683,2022,NOREPINEPHRINE,INJECTION 2 MG,1489(E),27-Mar-2025,₹ 20.52(1 ML)
684,2022,NORETHISTERONE,TABLET 5 MG,1489(E),27-Mar-2025,₹ 5.48(1 Tablet)
685,2022,OMEPRAZOLE,POWDER FOR ORAL LIQUID 20 MG,1489(E),27-Mar-2025,₹ 1.54(1 GM)
686,2022,OMEPRAZOLE,TABLET 20 MG,1489(E),27-Mar-2025,₹ 4.42(1 Tablet)
687,2022,OMEPRAZOLE,CAPSULE 20 MG,1489(E),27-Mar-2025,₹ 2.92(1 Capsule)
688,2022,OMEPRAZOLE,CAPSULE 10 MG,1489(E),27-Mar-2025,₹ 2.45(1 Capsule)
689,2022,OMEPRAZOLE,TABLET 40 MG,1489(E),27-Mar-2025,₹ 8.60(1 Tablet)
690,2022,OMEPRAZOLE,CAPSULE 40 MG,1489(E),27-Mar-2025,₹ 5.77(1 Capsule)
691,2022,ONDANSETRON,ORAL SOLUTION 2 MG,1489(E),27-Mar-2025,₹ 1.28(1 ML)
692,2022,ONDANSETRON,TABLET 8 MG,1489(E),27-Mar-2025,₹ 9.22(1 Tablet)
693,2022,ONDANSETRON,TABLET 4 MG,1489(E),27-Mar-2025,₹ 5.23(1 Tablet)
694,2022,ONDANSETRON,INJECTION 2 MG,1489(E),27-Mar-2025,₹ 6.06(1 ML)
695,2022,ORMELOXIFENE,TABLET 30 MG,1489(E),27-Mar-2025,₹ 8.59(1 Tablet)
696,2022,OTHER HEPARINS,SOLUTION 1000 IU,1489(E),27-Mar-2025,₹ 21.58(1 ML)
697,2022,OXALIPLATIN,INJECTION 100 MG,1489(E),27-Mar-2025,₹ 5066.34(Each Vial)
698,2022,OXALIPLATIN,INJECTION 50 MG,1489(E),27-Mar-2025,₹ 2272.83(Each Vial)
699,2022,OXYGEN,LIQUID MEDICAL OXYGEN --,1489(E),27-Mar-2025,₹ 17.32(Cubic Meter)
700,2022,OXYGEN,IN CYLINDER --,1489(E),27-Mar-2025,₹ 29.33(Cubic Meter)
701,2022,OXYTOCIN,INJECTION 5 IU,1489(E),27-Mar-2025,₹ 18.15(1 ML)
702,2022,OXYTOCIN,INJECTION 10 IU,1489(E),27-Mar-2025,₹ 40.56(1 ML)
703,2022,PACLITAXEL,INJECTION 30 MG/ 5 ML,1489(E),27-Mar-2025,₹ 219.19(1 ML)
704,2022,PACLITAXEL,INJECTION 100 MG/16.7 ML,1489(E),27-Mar-2025,₹ 219.19(1 ML)
705,2022,PANTOPRAZOLE,INJECTION 40 MG,1489(E),27-Mar-2025,₹ 51.33(Each Vial)
706,2022,PARACETAMOL,INJECTION 150 MG,1489(E),27-Mar-2025,₹ 4.04(2 ML Pack)
707,2022,PARACETAMOL,SUSPENSION 120 MG,1489(E),27-Mar-2025,₹ 0.62(1 ML)
708,2022,PARACETAMOL,ORAL LIQUID 125 MG/ 5 ML,1489(E),27-Mar-2025,₹ 0.38(1 ML)
709,2022,PARACETAMOL,INJECTION 150 MG,1489(E),27-Mar-2025,₹ 1.63(1 ML)
710,2022,PARACETAMOL,SUPPOSITORY 80 MG,1489(E),27-Mar-2025,₹ 6.78(1 Suppository)
711,2022,PARACETAMOL,TABLET 650 MG,1489(E),27-Mar-2025,₹ 2.04(1 Tablet)
712,2022,PARACETAMOL,TABLET 500 MG,1489(E),27-Mar-2025,₹ 0.92(1 Tablet)
713,2022,PARACETAMOL,ORAL LIQUID 250 MG/ 5 ML,1489(E),27-Mar-2025,₹ 0.68(1 ML)
714,2022,PARACETAMOL,SUPPOSITORY 170 MG,1489(E),27-Mar-2025,₹ 8.09(1 Suppository)
715,2022,PENICILLAMINE,CAPSULE 250 MG,1489(E),27-Mar-2025,₹ 15.92(1 Capsule)
716,2022,PERMETHRIN,LOTION 5 %,1489(E),27-Mar-2025,₹ 1.02(1 gm or 1 ml)
717,2022,PERMETHRIN,CREAM 5 %,1489(E),27-Mar-2025,₹ 1.88(1 GM)
718,2022,PERMETHRIN,GEL 5 %,1489(E),27-Mar-2025,₹ 1.33(1 GM)
719,2022,PERMETHRIN,CREAM 1 %,1489(E),27-Mar-2025,₹ 1.53(1 GM)
720,2022,PERMETHRIN,LOTION 1 %,1489(E),27-Mar-2025,₹ 1.02(1 ML)
721,2022,PHENIRAMINE,INJECTION 22.75 MG,1489(E),27-Mar-2025,₹ 2.10(Each Pack (10 ML))
722,2022,PHENIRAMINE,INJECTION 22.75 MG,1489(E),27-Mar-2025,₹ 2.81(2 ML Pack)
723,2022,PHENOBARBITONE,ORAL LIQUID 20 MG/ 5 ML,1489(E),27-Mar-2025,₹ 0.50(1 ML)
724,2022,PHENOBARBITONE,TABLET 60 MG,1489(E),27-Mar-2025,₹ 1.92(1 Tablet)
725,2022,PHENOBARBITONE,TABLET 30 MG,1489(E),27-Mar-2025,₹ 1.33(1 Tablet)
726,2022,PHENOBARBITONE,INJECTION 200 MG,1489(E),27-Mar-2025,₹ 22.53(1 ML)
727,2022,PHENYTOIN,TABLET 100 MG,1489(E),27-Mar-2025,₹ 1.79(1 Tablet)
728,2022,PHENYTOIN,TABLET 300 MG,1489(E),27-Mar-2025,₹ 5.58(1 Tablet)
729,2022,PHENYTOIN,CAPSULE 300 MG,1489(E),27-Mar-2025,₹ 4.73(1 Capsule)
730,2022,PHENYTOIN,TABLET ER 300 MG,1489(E),27-Mar-2025,₹ 6.68(1 Tablet)
731,2022,PHENYTOIN,ORAL LIQUID 30 MG/ 5 ML,1489(E),27-Mar-2025,₹ 0.36(1 ML)
732,2022,PHENYTOIN,TABLET 50 MG,1489(E),27-Mar-2025,₹ 0.85(1 Tablet)
733,2022,PHENYTOIN,INJECTION 50 MG,1489(E),27-Mar-2025,₹ 6.05(1 ML)
734,2022,PHENYTOIN,ORAL SUSPENSION 125 MG,1489(E),27-Mar-2025,₹ 1.12(1 ML)
735,2022,PHENYTOIN,CAPSULE 100 MG,1489(E),27-Mar-2025,₹ 1.86(1 Capsule)
736,2022,PHYTOMENADIONE,INJECTION 10 MG,1489(E),27-Mar-2025,₹ 54.01(1 ML)
737,2022,PHYTOMENADIONE (VITAMINK1)10 MG,TABLET 10 MG,1489(E),27-Mar-2025,₹ 14.79(1 Tablet)
738,2022,PILOCARPINE,EYE DROPS 2 %,1489(E),27-Mar-2025,₹ 16.53(1 ML)( Pack)
739,2022,PIPERACILLIN + TAZOBACTAM,INJECTION 4000/500 MG,1489(E),27-Mar-2025,₹ 406.36(Each Vial)
740,2022,PIPERACILLIN + TAZOBACTAM,INJECTION 1000/125 MG,1489(E),27-Mar-2025,₹ 101.39(Each Vial)
741,2022,PIPERACILLIN + TAZOBACTAM,INJECTION 2000/250 MG,1489(E),27-Mar-2025,₹ 194.88(Each Vial)
742,2022,POTASSIUM CHLORIDE,ORAL LIQUID 500 MG/ 5 ML,1489(E),27-Mar-2025,₹ 0.31(1 ML)
743,2022,POTASSIUM CHLORIDE,INJECTION 150 MG,1489(E),27-Mar-2025,₹ 2.44(1 ML)
744,2022,POVIDONE IODINE,SOLUTION 4 %,1489(E),27-Mar-2025,₹ 1.77(1 ML)
745,2022,POVIDONE IODINE,LIQUID 5 %,1489(E),27-Mar-2025,₹ 0.45(1 ML)
746,2022,POVIDONE IODINE,SOLUTION 7.5 %,1489(E),27-Mar-2025,₹ 0.83(1 ML)
747,2022,POVIDONE IODINE,SOLUTION 10 %,1489(E),27-Mar-2025,₹ 0.98(1 ML)
748,2022,PRALIDOXIME,INJECTION 25 MG,1489(E),27-Mar-2025,₹ 4.64(1 ML)
749,2022,PREDNISOLONE,ORAL LIQUID 15 MG/ 5 ML,1489(E),27-Mar-2025,₹ 0.87(1 ML)
750,2022,PREDNISOLONE,TABLET 20 MG,1489(E),27-Mar-2025,₹ 2.44(1 Tablet)
751,2022,PREDNISOLONE,TABLET 10 MG,1489(E),27-Mar-2025,₹ 1.22(1 Tablet)
752,2022,PREDNISOLONE,TABLET 40 MG,1489(E),27-Mar-2025,₹ 3.47(1 Tablet)
753,2022,PREDNISOLONE,DROPS 1 %,1489(E),27-Mar-2025,₹ 5.86(1 ML)
754,2022,PREDNISOLONE,SUSPENSION 5 MG,1489(E),27-Mar-2025,₹ 0.50(1 ML)
755,2022,PREDNISOLONE,TABLET 5 MG,1489(E),27-Mar-2025,₹ 0.69(1 Tablet)
756,2022,PRIMAQUINE,TABLET 15 MG,1489(E),27-Mar-2025,₹ 5.23(1 Tablet)
757,2022,PRIMAQUINE,TABLET 2.5 MG,1489(E),27-Mar-2025,₹ 1.78(1 Tablet)
758,2022,PRIMAQUINE,TABLET 7.5 MG,1489(E),27-Mar-2025,₹ 2.42(1 Tablet)
759,2022,PROPARACAINE,EYE DROPS 0.5 %,1489(E),27-Mar-2025,₹ 10.43(1 ML)
760,2022,PROPOFOL,INJECTION 10 MG,1489(E),27-Mar-2025,₹ 6.61(1 ML)
761,2022,PROPRANOLOL,CAPSULE 10 MG,1489(E),27-Mar-2025,₹ 2.03(1 Capsule)
762,2022,PROPRANOLOL,TABLET 10 MG,1489(E),27-Mar-2025,₹ 1.33(1 Tablet)
763,2022,PROPRANOLOL,CAPSULE 40 MG,1489(E),27-Mar-2025,₹ 4.32(1 Capsule)
764,2022,PROPRANOLOL,CAPSULE 20 MG,1489(E),27-Mar-2025,₹ 2.39(1 Capsule)
765,2022,PROPRANOLOL,TABLET 20 MG,1489(E),27-Mar-2025,₹ 3.26(1 Tablet)
766,2022,PROPRANOLOL,TABLET 40 MG,1489(E),27-Mar-2025,₹ 3.28(1 Tablet)
767,2022,PROTAMINE,INJECTION 10 MG,1489(E),27-Mar-2025,₹ 9.95(1 ML)
768,2022,PYRAZINAMIDE,TABLET 1500 MG,1489(E),27-Mar-2025,₹ 12.02(1 Tablet)
769,2022,PYRAZINAMIDE,TABLET 1000 MG,1489(E),27-Mar-2025,₹ 10.71(1 Tablet)
770,2022,PYRAZINAMIDE,TABLET 750 MG,1489(E),27-Mar-2025,₹ 7.34(1 Tablet)
771,2022,PYRAZINAMIDE,TABLET 500 MG,1489(E),27-Mar-2025,₹ 4.98(1 Tablet)
772,2022,PYRIDOXINE,TABLET 10 MG,1489(E),27-Mar-2025,₹ 0.11(1 Tablet)
773,2022,PYRIDOXINE,TABLET 100 MG,1489(E),27-Mar-2025,₹ 6.08(1 Tablet)
774,2022,QUININE,TABLET 300 MG,1489(E),27-Mar-2025,₹ 5.75(1 Tablet)
775,2022,QUININE,INJECTION 300 MG,1489(E),27-Mar-2025,₹ 9.67(1 ML)
776,2022,RALTEGRAVIR,TABLET 400 MG,1489(E),27-Mar-2025,₹ 150.36(1 Tablet)
777,2022,RAMIPRIL,TABLET 2.5 MG,1489(E),27-Mar-2025,₹ 5.30(1 Tablet)
778,2022,RAMIPRIL,CAPSULE 2.5 MG,1489(E),27-Mar-2025,₹ 4.74(1 Capsule)
779,2022,RAMIPRIL,CAPSULE 5 MG,1489(E),27-Mar-2025,₹ 7.32(1 Capsule)
780,2022,RAMIPRIL,TABLET 5 MG,1489(E),27-Mar-2025,₹ 8.32(1 Tablet)
781,2022,RIBAVIRIN,CAPSULE 200 MG,1489(E),27-Mar-2025,₹ 26.95(1 Capsule)
782,2022,RIFAMPICIN,ORAL LIQUID 100 MG/ 5 ML,1489(E),27-Mar-2025,₹ 0.48(1 ML)
783,2022,RIFAMPICIN,CAPSULE 150 MG,1489(E),27-Mar-2025,₹ 2.33(1 Capsule)
784,2022,RIFAMPICIN,CAPSULE 300 MG,1489(E),27-Mar-2025,₹ 4.69(1 Capsule)
785,2022,RIFAMPICIN,CAPSULE 450 MG,1489(E),27-Mar-2025,₹ 5.77(1 Capsule)
786,2022,RIFAMPICIN,CAPSULE 600 MG,1489(E),27-Mar-2025,₹ 11.56(1 Capsule)
787,2022,RISPERIDONE,TABLET 1 MG,1489(E),27-Mar-2025,₹ 3.08(1 Tablet)
788,2022,RISPERIDONE,ORAL SOLUTION 1 MG,1489(E),27-Mar-2025,₹ 2.25(1 ML)
789,2022,RISPERIDONE,INJECTION 25 MG,1489(E),27-Mar-2025,₹ 1963.88(1 ML)
790,2022,RISPERIDONE,TABLET 2 MG,1489(E),27-Mar-2025,₹ 4.56(1 Tablet)
791,2022,RISPERIDONE,INJECTION 37.5 MG,1489(E),27-Mar-2025,₹ 2695.51(1 ML)
792,2022,RISPERIDONE,TABLET 4 MG,1489(E),27-Mar-2025,₹ 7.49(1 Tablet)
793,2022,RITONAVIR,TABLET 100 MG,1489(E),27-Mar-2025,₹ 29.72(1 Tablet)
794,2022,RITONAVIR + LOPINAVIR,TABLET 50/200 MG,1489(E),27-Mar-2025,₹ 48.80(1 Tablet)
795,2022,RITUXIMAB,INJECTION 10 MG,1489(E),27-Mar-2025,₹ 775.07(1 ML)
796,2022,ROTAVIRUS,VACCINE --,1489(E),27-Mar-2025,₹ 869.44(Each Vial)
797,2022,RUBELLA (GERMAN MEASLES),INJECTION --,1489(E),27-Mar-2025,₹ 72.43(Each Vial)( Pack)
798,2022,SALBUTAMOL,SOLUTION 5 MG,1489(E),27-Mar-2025,₹ 1.04(1 ML)( Pack)
799,2022,SALBUTAMOL,INHALER 100 MCG,1489(E),27-Mar-2025,₹ 0.50(Per Metered Dose)
800,2022,SALBUTAMOL,TABLET 2 MG,1489(E),27-Mar-2025,₹ 0.27(1 Tablet)( Pack)
801,2022,SALBUTAMOL,SYRUP 2 MG,1489(E),27-Mar-2025,₹ 0.18(1 ML)
802,2022,SALBUTAMOL,TABLET 4 MG,1489(E),27-Mar-2025,₹ 0.33(1 Tablet)( Pack)
803,2022,SALICYLIC ACID,OINTMENT 3 %,1489(E),27-Mar-2025,₹ 2.10(1 GM)
804,2022,SALICYLIC ACID,OINTMENT 6 %,1489(E),27-Mar-2025,₹ 2.06(1 GM)
805,2022,SEVOFLURANE,INHALER --,1489(E),27-Mar-2025,₹ 31.71(1 ML)
806,2022,Snake venom antiserum- Lyophilized polyvalent,INJECTION --,1489(E),27-Mar-2025,₹ 676.83(Each Vial)
807,2022,Snake Venom Antiserum-Soluble/ Liquid Polyvalent,INJECTION --,1489(E),27-Mar-2025,₹ 436.13(Each Vial)
808,2022,SODIUM BICARBONATE,INJECTION 8.4 %,1489(E),27-Mar-2025,₹ 1.37(1 ML)
809,2022,SODIUM BICARBONATE,INJECTION 7.5 %,1489(E),27-Mar-2025,₹ 1.03(1 ML)
810,2022,SODIUM VALPROATE,TABLET 500 MG,1489(E),27-Mar-2025,₹ 8.26(1 Tablet)
811,2022,SODIUM VALPROATE,MODIFIED RELEASE TABLET 500 MG,1489(E),27-Mar-2025,₹ 9.44(1 Tablet)
812,2022,SODIUM VALPROATE,MODIFIED RELEASE TABLET 300 MG,1489(E),27-Mar-2025,₹ 6.21(1 Tablet)
813,2022,SODIUM VALPROATE,INJECTION 100 MG,1489(E),27-Mar-2025,₹ 6.87(1 ML)
814,2022,SODIUM VALPROATE,TABLET 300 MG,1489(E),27-Mar-2025,₹ 4.54(1 Tablet)
815,2022,SODIUM VALPROATE,TABLET 200 MG,1489(E),27-Mar-2025,₹ 3.65(1 Tablet)
816,2022,SODIUM VALPROATE,ORAL LIQUID 200 MG/ 5 ML,1489(E),27-Mar-2025,₹ 0.66(1 ML)
817,2022,SOFOSBUVIR,TABLET 400 MG,1489(E),27-Mar-2025,₹ 534.25(1 Tablet)
818,2022,SOMATOSTATIN,POWDER FOR INJECTION 3 MG,1489(E),27-Mar-2025,₹ 1382.65(Each Vial)
819,2022,SPIRONOLACTONE,TABLET 25 MG,1489(E),27-Mar-2025,₹ 2.23(1 Tablet)
820,2022,SPIRONOLACTONE,TABLET 50 MG,1489(E),27-Mar-2025,₹ 4.45(1 Tablet)
821,2022,STREPTOKINASE,INJECTION 1500000 IU,1489(E),27-Mar-2025,₹ 1910.00(Each Vial)
822,2022,STREPTOMYCIN,POWDER FOR INJECTION 750 MG,1489(E),27-Mar-2025,₹ 15.41(Each Vial)( Pack)
823,2022,STREPTOMYCIN,POWDER FOR INJECTION 1000 MG,1489(E),27-Mar-2025,₹ 16.57(Each Vial)( Pack)
824,2022,SUCCINYL CHOLINE,INJECTION 50 MG/ML,1489(E),27-Mar-2025,₹ 5.30(1 ML)
825,2022,SULFASALAZINE,TABLET 500 MG,1489(E),27-Mar-2025,₹ 4.80(1 Tablet)
826,2022,SUMATRIPTAN,TABLET 25 MG,1489(E),27-Mar-2025,₹ 33.07(1 Tablet)
827,2022,SUMATRIPTAN,TABLET 50 MG,1489(E),27-Mar-2025,₹ 56.65(1 Tablet)
828,2022,TACROLIMUS,TABLET 1 MG,1489(E),27-Mar-2025,₹ 40.68(1 Tablet)
829,2022,TACROLIMUS,CAPSULE 0.5 MG,1489(E),27-Mar-2025,₹ 21.02(1 Capsule)
830,2022,TACROLIMUS,CAPSULE 2 MG,1489(E),27-Mar-2025,₹ 85.81(1 Capsule)
831,2022,TACROLIMUS,CAPSULE 1 MG,1489(E),27-Mar-2025,₹ 41.33(1 Capsule)
832,2022,TACROLIMUS,TABLET 2 MG,1489(E),27-Mar-2025,₹ 79.04(1 Tablet)
833,2022,TACROLIMUS,TABLET 0.5 MG,1489(E),27-Mar-2025,₹ 21.33(1 Tablet)
834,2022,TAMOXIFEN,TABLET 20 MG,1489(E),27-Mar-2025,₹ 3.00(1 Tablet)
835,2022,TAMOXIFEN,TABLET 10 MG,1489(E),27-Mar-2025,₹ 2.25(1 Tablet)
836,2022,TELMISARTAN,TABLET 80 MG,1489(E),27-Mar-2025,₹ 10.58(1 Tablet)
837,2022,TELMISARTAN,TABLET 40 MG,1489(E),27-Mar-2025,₹ 6.88(1 Tablet)
838,2022,TELMISARTAN,TABLET 20 MG,1489(E),27-Mar-2025,₹ 3.95(1 Tablet)
839,2022,TEMOZOLOMIDE,CAPSULE 250 MG,1489(E),27-Mar-2025,₹ 4378.90(1 Capsule)
840,2022,TEMOZOLOMIDE,CAPSULE 20 MG,1489(E),27-Mar-2025,₹ 449.01(1 Capsule)
841,2022,TEMOZOLOMIDE,CAPSULE 100 MG,1489(E),27-Mar-2025,₹ 1534.96(1 Capsule)
842,2022,TEMOZOLOMIDE,TABLET 250 MG,1489(E),27-Mar-2025,₹ 3823.54(1 Tablet)
843,2022,TEMOZOLOMIDE,TABLET 20 MG,1489(E),27-Mar-2025,₹ 342.50(1 Tablet)
844,2022,TENECTEPLASE,INJECTION 30 MG,1489(E),27-Mar-2025,₹ 37552.36(Each Vial)
845,2022,TENECTEPLASE,INJECTION 40 MG,1489(E),27-Mar-2025,₹ 51266.60(Each Vial)
846,2022,TENELIGLIPTIN,TABLET 20 MG,1489(E),27-Mar-2025,₹ 11.28(1 Tablet)
847,2022,TENOFOVIR,TABLET 300 MG,1489(E),27-Mar-2025,₹ 46.64(1 Tablet)
848,2022,TENOFOVIR ALAFENAMIDE,TABLET 25 MG,1489(E),27-Mar-2025,₹ 49.72(1 Tablet)
849,2022,TENOFOVIR (A)+LAMIVUDINE (B),"TABLET 300 MG(A) + 300
MG(B)",1489(E),27-Mar-2025,₹ 46.37(1 Tablet)
850,2022,"TENOFOVIR (A)+LAMIVUDINE (B) +
EFAVIRENZ (C)","TABLET 300 MG(A) + 300
MG(B) + 600 MG�",1489(E),27-Mar-2025,₹ 104.63(1 Tablet)
851,2022,TERBINAFINE,CREAM 1 %,1489(E),27-Mar-2025,₹ 5.35(1 GM)
852,2022,TETANUS,INJECTION 250 IU,1489(E),27-Mar-2025,₹ 1266.45(Each Vial)( Pack)
853,2022,TETANUS,INJECTION 500 IU,1489(E),27-Mar-2025,₹ 1908.39(Each Vial)( Pack)
854,2022,TETANUS,INJECTION 1000 IU,1489(E),27-Mar-2025,₹ 2730.90(Each Vial)( Pack)
855,2022,TETANUS,INJECTION 0.5 ML,1489(E),27-Mar-2025,₹ 25.97(Each Pack (5 ml))
856,2022,TETANUS,INJECTION 0.5 ML,1489(E),27-Mar-2025,₹ 12.69(Each Vial)
857,2022,THALIDOMIDE,CAPSULE 100 MG,1489(E),27-Mar-2025,₹ 63.09(1 Capsule)
858,2022,THALIDOMIDE,CAPSULE 50 MG,1489(E),27-Mar-2025,₹ 31.70(1 Capsule)
859,2022,THIAMINE,TABLET 100 MG,1489(E),27-Mar-2025,₹ 4.54(1 Tablet)
860,2022,THIOPENTAL SODIUM,INJECTION 1000 MG,1489(E),27-Mar-2025,₹ 56.28(Each Vial)
861,2022,THIOPENTAL SODIUM,INJECTION 500 MG,1489(E),27-Mar-2025,₹ 46.49(Each Vial)
862,2022,TIMOLOL,DROPS 0.5 %,1489(E),27-Mar-2025,₹ 13.63(1 ML)
863,2022,TIOTROPIUM,INHALER 18 MCG,1489(E),27-Mar-2025,₹ 10.90(Per Dose)
864,2022,TIOTROPIUM,INHALER 9 MCG,1489(E),27-Mar-2025,₹ 2.83(Per Metered Dose)
865,2022,TRAMADOL,INJECTION 50 MG,1489(E),27-Mar-2025,₹ 11.99(1 ML)
866,2022,TRAMADOL,TABLET 50 MG,1489(E),27-Mar-2025,₹ 9.87(1 Tablet)
867,2022,TRAMADOL,CAPSULE 50 MG,1489(E),27-Mar-2025,₹ 4.90(1 Capsule)
868,2022,TRAMADOL,TABLET 100 MG,1489(E),27-Mar-2025,₹ 24.91(1 Tablet)
869,2022,TRAMADOL,CAPSULE 100 MG,1489(E),27-Mar-2025,₹ 9.20(1 Capsule)
870,2022,TRANEXAMIC ACID,TABLET 500 MG,1489(E),27-Mar-2025,₹ 18.86(1 Tablet)
871,2022,TRANEXAMIC ACID,INJECTION 100 MG/ML,1489(E),27-Mar-2025,₹ 13.95(1 ML)
872,2022,TRASTUZUMAB,INJECTION 440 MG/ 50 ML,1489(E),27-Mar-2025,₹ 55677.57(Each Vial)
873,2022,TRIHEXYPHENIDYL,TABLET 2 MG,1489(E),27-Mar-2025,₹ 1.39(1 Tablet)
874,2022,TRIMETHOPRIM + SULPHAMETHOXAZOLE,SUSPENSION 200/40 MG,1489(E),27-Mar-2025,₹ 0.36(1 ML)
875,2022,TROPICAMIDE EYE DROPS / OINTMENT,DROPS 1 %,1489(E),27-Mar-2025,₹ 9.59(1 ML)
876,2022,UNFRACTIONATED HEPARINS - SYSTEMIC,INJECTION 5000 IU,1489(E),27-Mar-2025,₹ 61.00(1 ML)
877,2022,VALGANCICLOVIR,TABLET 450 MG,1489(E),27-Mar-2025,₹ 415.38(1 Tablet)( Pack)
878,2022,VANCOMYCIN,INJECTION 1000 MG,1489(E),27-Mar-2025,₹ 478.44(Each Vial)
879,2022,VANCOMYCIN,INJECTION 500 MG,1489(E),27-Mar-2025,₹ 323.16(Each Vial)
880,2022,VANCOMYCIN,INJECTION 250 MG,1489(E),27-Mar-2025,₹ 255.62(Each Vial)
881,2022,VANCOMYCIN,CAPSULE 250 MG,1489(E),27-Mar-2025,₹ 155.03(1 Capsule)
882,2022,VECURONIUM,POWDER FOR INJECTION 10 MG,1489(E),27-Mar-2025,₹ 119.40(Each Vial)
883,2022,VECURONIUM,POWDER FOR INJECTION 4 MG,1489(E),27-Mar-2025,₹ 75.69(Each Vial)
884,2022,VERAPAMIL,TABLET 40 MG,1489(E),27-Mar-2025,₹ 0.87(1 Tablet)
885,2022,VERAPAMIL,TABLET 80 MG,1489(E),27-Mar-2025,₹ 1.62(1 Tablet)
886,2022,VINCRISTINE,INJECTION 1 MG,1489(E),27-Mar-2025,₹ 58.52(1 ML)
887,2022,VITAMIN A,INJECTION 50000 IU,1489(E),27-Mar-2025,₹ 2.30(1 ML)
888,2022,VITAMIN A,TABLET 50000 IU,1489(E),27-Mar-2025,₹ 0.74(1 Tablet)
889,2022,VITAMIN B1 PLAIN (WITH ADDITIVES),INJECTION 100 MG,1489(E),27-Mar-2025,₹ 27.16(1 ML)( Pack)
890,2022,VITAMIN D3 (CHOLECALCIFEROL),GRANULES 1000 IU,1489(E),27-Mar-2025,₹ 23.54(1 GM)
891,2022,VITAMIN D3 (CHOLECALCIFEROL),SYRUP 400 IU,1489(E),27-Mar-2025,₹ 2.66(1 ML)
892,2022,VITAMIN D3 (CHOLECALCIFEROL),TABLET 60000 IU,1489(E),27-Mar-2025,₹ 22.89(1 Tablet)
893,2022,VITAMIN D3 (CHOLECALCIFEROL),TABLET 1000 IU,1489(E),27-Mar-2025,₹ 4.39(1 Tablet)
894,2022,VITAMIN D3 (CHOLECALCIFEROL),CAPSULE 60000 IU,1489(E),27-Mar-2025,₹ 31.32(1 Capsule)
895,2022,VITAMIN D3 (CHOLECALCIFEROL),GRANULES 60000 IU,1489(E),27-Mar-2025,₹ 34.57(1 GM)
896,2022,VITAMIN D3 (CHOLECALCIFEROL),CAPSULE 1000 IU,1489(E),27-Mar-2025,₹ 4.98(1 Capsule)
897,2022,WARFARIN,TABLET 3 MG,1489(E),27-Mar-2025,₹ 3.24(1 Tablet)
898,2022,WARFARIN,TABLET 1 MG,1489(E),27-Mar-2025,₹ 2.50(1 Tablet)
899,2022,WARFARIN,TABLET 5 MG,1489(E),27-Mar-2025,₹ 2.44(1 Tablet)
900,2022,WARFARIN,TABLET 2 MG,1489(E),27-Mar-2025,₹ 2.77(1 Tablet)
901,2022,WATER FOR INJECTION,INJECTION --,1489(E),27-Mar-2025,₹ 2.46(10 ml Pack)( Pack)
902,2022,XYLOMETAZOLINE,NASAL DROPS 0.1 %,1489(E),27-Mar-2025,₹ 5.21(1 ML)
903,2022,XYLOMETAZOLINE,NASAL DROPS 0.05 %,1489(E),27-Mar-2025,₹ 4.26(1 ML)
904,2022,ZIDOVUDINE,TABLET 300 MG,1489(E),27-Mar-2025,₹ 13.83(1 Tablet)
905,2022,"ZIDOVUDINE (A) + LAMIVUDINE (B) +
NEVIRAPINE (C)",TABLET 300 MG(A) + 150 MG(B) + 200 MG(C),1489(E),27-Mar-2025,₹ 21.50(1 Tablet)
906,2022,ZINC SULPHATE,DISPERSIBLE TABLET 20 MG,1489(E),27-Mar-2025,₹ 3.47(1 Tablet)
907,2022,ZOLEDRONIC ACID,POWDER FOR INJECTION 4 MG,1489(E),27-Mar-2025,₹ 2433.68(Each Vial)
908,2022,ZOLPIDEM,TABLET 5 MG,1489(E),27-Mar-2025,₹ 6.32(1 Tablet)
909,2022,ZOLPIDEM,TABLET 10 MG,1489(E),27-Mar-2025,₹ 8.66(1 Tablet)
